Temps;V1
0;0,26382452994585
0,002;0,207867079414427
0,004;0,157505373936146
0,006;0,11833515856415
0,008;0,0791649431921542
0,01;0,0623777080327272
0,012;0,039994727820158
0,014;0,0232074926607311
0,016;0,0176117476075888
0,018;0,0120160025544465
0,02;0,0120160025544465
0,022;0,0176117476075888
0,024;0,0232074926607311
0,026;0,0288032377138734
0,028;0,0455904728733003
0,03;0,0623777080327272
0,032;0,0903564332984388
0,034;0,123930903617293
0,036;0,157505373936146
0,038;0,21346282446757
0,04;0,275016020052135
0,042;0,342164960689843
0,044;0,40931390132755
0,046;0,476462841965258
0,048;0,521228802390397
0,05;0,538016037549824
0,052;0,515633057337254
0,054;0,459675606805831
0,056;0,347760705742985
0,058;0,207867079414427
0,06;0,0455904728733003
0,062;-0,122281878720969
0,064;-0,278962740208954
0,066;-0,407664876431227
0,068;-0,491601052228361
0,07;-0,541962757706642
0,072;-0,553154247812927
0,074;-0,525175522547215
0,076;-0,469218072015792
0,078;-0,396473386324942
0,08;-0,31813295558095
0,082;-0,250984014943242
0,084;-0,183835074305534
0,086;-0,133473368827254
0,088;-0,0943031534552574
0,09;-0,0607286831364036
0,092;-0,0383457029238343
0,094;-0,0215584677644074
0,096;-0,0103669776581228
0,098;-0,00477123260498047
0,1;0,00082451244816184
0,102;0,00082451244816184
0,104;0,00642025750130415
0,106;0,00642025750130415
0,108;0,00642025750130415
0,11;0,00642025750130415
0,112;0,00642025750130415
0,114;0,0120160025544465
0,116;0,00642025750130415
0,118;0,00642025750130415
0,12;0,0120160025544465
0,122;0,0120160025544465
0,124;0,0120160025544465
0,126;0,0120160025544465
0,128;0,0120160025544465
0,13;0,0120160025544465
0,132;0,0120160025544465
0,134;0,0120160025544465
0,136;0,00642025750130415
0,138;0,00642025750130415
0,14;0,00642025750130415
0,142;0,00082451244816184
0,144;0,00082451244816184
0,146;-0,00477123260498047
0,148;-0,0103669776581228
0,15;-0,0159627227112651
0,152;-0,0439414479769766
0,154;-0,0663244281895459
0,156;-0,105494643561542
0,158;-0,150260603986681
0,16;-0,211813799571246
0,162;-0,284558485262096
0,164;-0,357303170952946
0,166;-0,441239346750081
0,168;-0,508388287387788
0,17;-0,553154247812927
0,172;-0,564345737919211
0,174;-0,530771267600358
0,176;-0,452430836856365
0,178;-0,334920190740377
0,18;-0,189430819358677
0,182;-0,0271542128175497
0,184;0,135122393723577
0,186;0,269420274998993
0,188;0,381335176061839
0,19;0,459675606805831
0,192;0,493250077124685
0,194;0,498845822177827
0,196;0,470867096912116
0,198;0,426101136486977
0,2;0,35895219584927
0,202;0,291803255211562
0,204;0,241441549733281
0,206;0,191079844255
0,208;0,14071813877672
0,21;0,107143668457866
0,212;0,0791649431921542
0,214;0,0567819629795849
0,216;0,039994727820158
0,218;0,0232074926607311
0,22;0,0176117476075888
0,222;0,00642025750130415
0,224;0,00642025750130415
0,226;0,00082451244816184
0,228;0,00642025750130415
0,23;0,0120160025544465
0,232;0,0232074926607311
0,234;0,0511862179264426
0,236;0,0735691981390119
0,238;0,112739413511008
0,24;0,157505373936146
0,242;0,207867079414427
0,244;0,269420274998993
0,246;0,330973470583558
0,248;0,398122411221266
0,25;0,459675606805831
0,252;0,50444156723097
0,254;0,521228802390397
0,256;0,510037312284112
0,258;0,454079861752689
0,26;0,364547940902412
0,262;0,235845804680139
0,264;0,0959521783515811
0,266;-0,0551329380832613
0,268;-0,183835074305534
0,27;-0,306941465474665
0,272;-0,402069131378084
0,274;-0,452430836856365
0,276;-0,474813817068934
0,278;-0,46362232696265
0,28;-0,424452111590654
0,282;-0,379686151165515
0,284;-0,323728700634092
0,286;-0,267771250102669
0,288;-0,217409544624388
0,29;-0,17264358419925
0,292;-0,133473368827254
0,294;-0,0943031534552574
0,296;-0,0775159182958305
0,298;-0,0551329380832613
0,3;-0,032749957870692
0,302;-0,0215584677644074
0,304;-0,0103669776581228
0,306;-0,0103669776581228
0,308;-0,00477123260498047
0,31;-0,0103669776581228
0,312;-0,0215584677644074
0,314;-0,0215584677644074
0,316;-0,0439414479769766
0,318;-0,0663244281895459
0,32;-0,0887074084021151
0,322;-0,127877623774111
0,324;-0,17264358419925
0,326;-0,223005289677531
0,328;-0,295749975368381
0,33;-0,362898916006088
0,332;-0,441239346750081
0,334;-0,491601052228361
0,336;-0,541962757706642
0,338;-0,553154247812927
0,34;-0,530771267600358
0,342;-0,452430836856365
0,344;-0,346111680846661
0,346;-0,200622309464961
0,348;-0,0495371930301189
0,35;0,112739413511008
0,352;0,26382452994585
0,354;0,381335176061839
0,356;0,465271351858974
0,358;0,515633057337254
0,36;0,526824547443539
0,362;0,498845822177827
0,364;0,448484116699547
0,366;0,392526666168123
0,368;0,325377725530416
0,37;0,269420274998993
0,372;0,207867079414427
0,374;0,163101118989289
0,376;0,123930903617293
0,378;0,0959521783515811
0,38;0,0735691981390119
0,382;0,0511862179264426
0,384;0,0343989827670157
0,386;0,0288032377138734
0,388;0,0176117476075888
0,39;0,0176117476075888
0,392;0,0176117476075888
0,394;0,0176117476075888
0,396;0,0176117476075888
0,398;0,0343989827670157
0,4;0,0511862179264426
0,402;0,0679734530858696
0,404;0,0959521783515811
0,406;0,129526648670435
0,408;0,185484099201858
0,41;0,241441549733281
0,412;0,308590490370989
0,414;0,392526666168123
0,416;0,459675606805831
0,418;0,526824547443539
0,42;0,571590507868677
0,422;0,582781997974962
0,424;0,543611782602966
0,426;0,454079861752689
0,428;0,3365692156367
0,43;0,179888354148716
0,432;0,00642025750130415
0,434;-0,155856349039823
0,436;-0,306941465474665
0,438;-0,424452111590654
0,44;-0,508388287387788
0,442;-0,547558502759784
0,444;-0,541962757706642
0,446;-0,513984032440931
0,448;-0,458026581909508
0,45;-0,396473386324942
0,452;-0,329324445687234
0,454;-0,267771250102669
0,456;-0,211813799571246
0,458;-0,161452094092965
0,46;-0,122281878720969
0,462;-0,0887074084021151
0,464;-0,0607286831364036
0,466;-0,0383457029238343
0,468;-0,0215584677644074
0,47;-0,0159627227112651
0,472;-0,0103669776581228
0,474;-0,0103669776581228
0,476;0,00082451244816184
0,478;-0,0159627227112651
0,48;-0,0215584677644074
0,482;-0,0271542128175497
0,484;-0,0439414479769766
0,486;-0,0663244281895459
0,488;-0,0943031534552574
0,49;-0,127877623774111
0,492;-0,17264358419925
0,494;-0,228601034730673
0,496;-0,290154230315238
0,498;-0,351707425899804
0,5;-0,418856366537511
0,502;-0,469218072015792
0,504;-0,513984032440931
0,506;-0,519579777494073
0,508;-0,486005307175219
0,51;-0,418856366537511
0,512;-0,312537210527807
0,514;-0,178239329252392
0,516;-0,0271542128175497
0,518;0,11833515856415
0,52;0,258228784892708
0,522;0,364547940902412
0,524;0,448484116699547
0,526;0,493250077124685
0,528;0,493250077124685
0,53;0,476462841965258
0,532;0,437292626593262
0,534;0,381335176061839
0,536;0,319781980477273
0,538;0,258228784892708
0,54;0,202271334361285
0,542;0,157505373936146
0,544;0,11833515856415
0,546;0,0847606882452965
0,548;0,0623777080327272
0,55;0,0455904728733003
0,552;0,0288032377138734
0,554;0,0232074926607311
0,556;0,0176117476075888
0,558;0,0120160025544465
0,56;0,0176117476075888
0,562;0,0176117476075888
0,564;0,0288032377138734
0,566;0,0455904728733003
0,568;0,0511862179264426
0,57;0,0735691981390119
0,572;0,0959521783515811
0,574;0,135122393723577
0,576;0,168696864042431
0,578;0,219058569520712
0,58;0,275016020052135
0,582;0,3365692156367
0,584;0,398122411221266
0,586;0,454079861752689
0,588;0,487654332071543
0,59;0,498845822177827
0,592;0,476462841965258
0,594;0,414909646380693
0,596;0,308590490370989
0,598;0,185484099201858
0,6;0,0455904728733003
0,602;-0,116686133667827
0,604;-0,2453882698901
0,606;-0,362898916006088
0,608;-0,446835091803223
0,61;-0,502792542334646
0,612;-0,513984032440931
0,614;-0,491601052228361
0,616;-0,452430836856365
0,618;-0,385281896218657
0,62;-0,323728700634092
0,622;-0,262175505049527
0,624;-0,200622309464961
0,626;-0,150260603986681
0,628;-0,105494643561542
0,63;-0,0775159182958305
0,632;-0,0495371930301189
0,634;-0,032749957870692
0,636;-0,0215584677644074
0,638;-0,0103669776581228
0,64;-0,0103669776581228
0,642;-0,00477123260498047
0,644;0,00082451244816184
0,646;0,00082451244816184
0,648;0,00082451244816184
0,65;0,00082451244816184
0,652;0,00642025750130415
0,654;0,00642025750130415
0,656;0,0120160025544465
0,658;0,00642025750130415
0,66;0,00642025750130415
0,662;0,0120160025544465
0,664;0,0120160025544465
0,666;0,0120160025544465
0,668;0,00642025750130415
0,67;0,0120160025544465
0,672;0,0120160025544465
0,674;0,0120160025544465
0,676;0,0120160025544465
0,678;0,00642025750130415
0,68;0,0120160025544465
0,682;0,00642025750130415
0,684;0,00082451244816184
0,686;0,00082451244816184
0,688;-0,00477123260498047
0,69;-0,00477123260498047
0,692;-0,0215584677644074
0,694;-0,0383457029238343
0,696;-0,0551329380832613
0,698;-0,0887074084021151
0,7;-0,127877623774111
0,702;-0,183835074305534
0,704;-0,239792524836957
0,706;-0,312537210527807
0,708;-0,385281896218657
0,71;-0,458026581909508
0,712;-0,513984032440931
0,714;-0,5363670126535
0,716;-0,5363670126535
0,718;-0,497196797281504
0,72;-0,413260621484369
0,722;-0,295749975368381
0,724;-0,150260603986681
0,726;0,00642025750130415
0,728;0,151909628883004
0,73;0,280611765105277
0,732;0,381335176061839
0,734;0,454079861752689
0,736;0,487654332071543
0,738;0,4820585870184
0,74;0,459675606805831
0,742;0,40931390132755
0,744;0,35895219584927
0,746;0,291803255211562
0,748;0,241441549733281
0,75;0,191079844255
0,752;0,146313883829862
0,754;0,112739413511008
0,756;0,0791649431921542
0,758;0,0623777080327272
0,76;0,039994727820158
0,762;0,0288032377138734
0,764;0,0120160025544465
0,766;0,00642025750130415
0,768;0,00082451244816184
0,77;0,00082451244816184
0,772;0,00642025750130415
0,774;0,00642025750130415
0,776;0,0120160025544465
0,778;0,0288032377138734
0,78;0,0511862179264426
0,782;0,0847606882452965
0,784;0,11833515856415
0,786;0,163101118989289
0,788;0,219058569520712
0,79;0,275016020052135
0,792;0,347760705742985
0,794;0,40931390132755
0,796;0,470867096912116
0,798;0,50444156723097
0,8;0,521228802390397
0,802;0,50444156723097
0,804;0,448484116699547
0,806;0,35895219584927
0,808;0,235845804680139
0,81;0,101547923404723
0,812;-0,0383457029238343
0,814;-0,178239329252392
0,816;-0,295749975368381
0,818;-0,385281896218657
0,82;-0,441239346750081
0,822;-0,46362232696265
0,824;-0,46362232696265
0,826;-0,430047856643796
0,828;-0,3908776412718
0,83;-0,334920190740377
0,832;-0,284558485262096
0,834;-0,228601034730673
0,836;-0,178239329252392
0,838;-0,144664858933538
0,84;-0,111090388614684
0,842;-0,0831116633489728
0,844;-0,0663244281895459
0,846;-0,0439414479769766
0,848;-0,0271542128175497
0,85;-0,0215584677644074
0,852;-0,0159627227112651
0,854;-0,0103669776581228
0,856;-0,0103669776581228
0,858;-0,0159627227112651
0,86;-0,0215584677644074
0,862;-0,032749957870692
0,864;-0,0439414479769766
0,866;-0,0719201732426882
0,868;-0,0943031534552574
0,87;-0,122281878720969
0,872;-0,17264358419925
0,874;-0,223005289677531
0,876;-0,278962740208954
0,878;-0,340515935793519
0,88;-0,413260621484369
0,882;-0,474813817068934
0,884;-0,513984032440931
0,886;-0,530771267600358
0,888;-0,513984032440931
0,89;-0,458026581909508
0,892;-0,362898916006088
0,894;-0,239792524836957
0,896;-0,0943031534552574
0,898;0,0567819629795849
0,9;0,202271334361285
0,902;0,319781980477273
0,904;0,414909646380693
0,906;0,470867096912116
0,908;0,498845822177827
0,91;0,493250077124685
0,912;0,459675606805831
0,914;0,40931390132755
0,916;0,353356450796127
0,918;0,291803255211562
0,92;0,235845804680139
0,922;0,191079844255
0,924;0,146313883829862
0,926;0,112739413511008
0,928;0,0903564332984388
0,93;0,0623777080327272
0,932;0,0511862179264426
0,934;0,0288032377138734
0,936;0,0232074926607311
0,938;0,0232074926607311
0,94;0,0176117476075888
0,942;0,0176117476075888
0,944;0,0176117476075888
0,946;0,0232074926607311
0,948;0,0288032377138734
0,95;0,0455904728733003
0,952;0,0679734530858696
0,954;0,0847606882452965
0,956;0,123930903617293
0,958;0,163101118989289
0,96;0,21346282446757
0,962;0,275016020052135
0,964;0,342164960689843
0,966;0,420505391433835
0,968;0,476462841965258
0,97;0,526824547443539
0,972;0,549207527656108
0,974;0,538016037549824
0,976;0,487654332071543
0,978;0,392526666168123
0,98;0,269420274998993
0,982;0,112739413511008
0,984;-0,0439414479769766
0,986;-0,195026564411819
0,988;-0,329324445687234
0,99;-0,430047856643796
0,992;-0,497196797281504
0,994;-0,525175522547215
0,996;-0,519579777494073
0,998;-0,491601052228361
1;-0,435643601696938
1,002;-0,379686151165515
1,004;-0,312537210527807
1,006;-0,256579759996384
1,008;-0,200622309464961
1,01;-0,155856349039823
1,012;-0,122281878720969
1,014;-0,0831116633489728
1,016;-0,0607286831364036
1,018;-0,0383457029238343
1,02;-0,0271542128175497
1,022;-0,0159627227112651
1,024;-0,00477123260498047
1,026;-0,00477123260498047
1,028;0,00082451244816184
1,03;-0,00477123260498047
1,032;-0,0159627227112651
1,034;-0,0215584677644074
1,036;-0,0383457029238343
1,038;-0,0495371930301189
1,04;-0,0719201732426882
1,042;-0,105494643561542
1,044;-0,144664858933538
1,046;-0,189430819358677
1,048;-0,2453882698901
1,05;-0,306941465474665
1,052;-0,374090406112373
1,054;-0,441239346750081
1,056;-0,486005307175219
1,058;-0,508388287387788
1,06;-0,508388287387788
1,062;-0,46362232696265
1,064;-0,396473386324942
1,066;-0,284558485262096
1,068;-0,155856349039823
1,07;-0,0103669776581228
1,072;0,135122393723577
1,074;0,258228784892708
1,076;0,364547940902412
1,078;0,437292626593262
1,08;0,4820585870184
1,082;0,487654332071543
1,084;0,470867096912116
1,086;0,437292626593262
1,088;0,386930921114981
1,09;0,325377725530416
1,092;0,26382452994585
1,094;0,219058569520712
1,096;0,163101118989289
1,098;0,123930903617293
1,1;0,0903564332984388
1,102;0,0679734530858696
1,104;0,0455904728733003
1,106;0,0288032377138734
1,108;0,0232074926607311
1,11;0,0120160025544465
1,112;0,0120160025544465
1,114;0,0120160025544465
1,116;0,0120160025544465
1,118;0,0232074926607311
1,12;0,0288032377138734
1,122;0,0455904728733003
1,124;0,0567819629795849
1,126;0,0735691981390119
1,128;0,101547923404723
1,13;0,135122393723577
1,132;0,179888354148716
1,134;0,219058569520712
1,136;0,280611765105277
1,138;0,3365692156367
1,14;0,398122411221266
1,142;0,442888371646404
1,144;0,4820585870184
1,146;0,493250077124685
1,148;0,470867096912116
1,15;0,40931390132755
1,152;0,319781980477273
1,154;0,202271334361285
1,156;0,0623777080327272
1,158;-0,0775159182958305
1,16;-0,211813799571246
1,162;-0,329324445687234
1,164;-0,418856366537511
1,166;-0,474813817068934
1,168;-0,491601052228361
1,17;-0,486005307175219
1,172;-0,452430836856365
1,174;-0,402069131378084
1,176;-0,340515935793519
1,178;-0,284558485262096
1,18;-0,223005289677531
1,182;-0,17264358419925
1,184;-0,122281878720969
1,186;-0,0887074084021151
1,188;-0,0663244281895459
1,19;-0,0439414479769766
1,192;-0,032749957870692
1,194;-0,0159627227112651
1,196;-0,0103669776581228
1,198;-0,00477123260498047
1,2;0,00082451244816184
1,202;0,00082451244816184
1,204;0,00082451244816184
1,206;0,00082451244816184
1,208;0,00642025750130415
1,21;0,00642025750130415
1,212;0,00642025750130415
1,214;0,00642025750130415
1,216;0,00642025750130415
1,218;0,0120160025544465
1,22;0,00642025750130415
1,222;0,0120160025544465
1,224;0,00642025750130415
1,226;0,0120160025544465
1,228;0,0120160025544465
1,23;0,00642025750130415
1,232;0,0120160025544465
1,234;0,00642025750130415
1,236;0,0120160025544465
1,238;0,00642025750130415
1,24;0,00642025750130415
1,242;0,00642025750130415
1,244;0,00082451244816184
1,246;0,00082451244816184
1,248;-0,00477123260498047
1,25;-0,0103669776581228
1,252;-0,0215584677644074
1,254;-0,0439414479769766
1,256;-0,0607286831364036
1,258;-0,0943031534552574
1,26;-0,133473368827254
1,262;-0,183835074305534
1,264;-0,239792524836957
1,266;-0,306941465474665
1,268;-0,374090406112373
1,27;-0,435643601696938
1,272;-0,491601052228361
1,274;-0,513984032440931
1,276;-0,513984032440931
1,278;-0,474813817068934
1,28;-0,402069131378084
1,282;-0,301345720421523
1,284;-0,17264358419925
1,286;-0,032749957870692
1,288;0,107143668457866
1,29;0,230250059626997
1,292;0,3365692156367
1,294;0,414909646380693
1,296;0,454079861752689
1,298;0,465271351858974
1,3;0,454079861752689
1,302;0,414909646380693
1,304;0,364547940902412
1,306;0,314186235424131
1,308;0,252633039839566
1,31;0,207867079414427
1,312;0,168696864042431
1,314;0,129526648670435
1,316;0,101547923404723
1,318;0,0735691981390119
1,32;0,0511862179264426
1,322;0,039994727820158
1,324;0,0232074926607311
1,326;0,0232074926607311
1,328;0,00642025750130415
1,33;0,00642025750130415
1,332;0,00082451244816184
1,334;0,00642025750130415
1,336;0,0120160025544465
1,338;0,0176117476075888
1,34;0,0232074926607311
1,342;0,0455904728733003
1,344;0,0791649431921542
1,346;0,107143668457866
1,348;0,151909628883004
1,35;0,196675589308143
1,352;0,252633039839566
1,354;0,319781980477273
1,356;0,381335176061839
1,358;0,442888371646404
1,36;0,487654332071543
1,362;0,515633057337254
1,364;0,510037312284112
1,366;0,476462841965258
1,368;0,403718156274408
1,37;0,302994745317847
1,372;0,179888354148716
1,374;0,039994727820158
1,376;-0,0887074084021151
1,378;-0,223005289677531
1,38;-0,329324445687234
1,382;-0,407664876431227
1,384;-0,452430836856365
1,386;-0,46362232696265
1,388;-0,458026581909508
1,39;-0,424452111590654
1,392;-0,379686151165515
1,394;-0,323728700634092
1,396;-0,273366995155811
1,398;-0,223005289677531
1,4;-0,17264358419925
1,402;-0,133473368827254
1,404;-0,0998988985083997
1,406;-0,0831116633489728
1,408;-0,0607286831364036
1,41;-0,0439414479769766
1,412;-0,0271542128175497
1,414;-0,0159627227112651
1,416;-0,0159627227112651
1,418;-0,00477123260498047
1,42;-0,0103669776581228
1,422;-0,0103669776581228
1,424;-0,0159627227112651
1,426;-0,0215584677644074
1,428;-0,0383457029238343
1,43;-0,0551329380832613
1,432;-0,0775159182958305
1,434;-0,111090388614684
1,436;-0,150260603986681
1,438;-0,189430819358677
1,44;-0,2453882698901
1,442;-0,301345720421523
1,444;-0,362898916006088
1,446;-0,418856366537511
1,448;-0,474813817068934
1,45;-0,502792542334646
1,452;-0,508388287387788
1,454;-0,486005307175219
1,456;-0,424452111590654
1,458;-0,329324445687234
1,46;-0,206218054518104
1,462;-0,0775159182958305
1,464;0,0623777080327272
1,466;0,196675589308143
1,468;0,308590490370989
1,47;0,398122411221266
1,472;0,454079861752689
1,474;0,4820585870184
1,476;0,470867096912116
1,478;0,448484116699547
1,48;0,403718156274408
1,482;0,353356450796127
1,484;0,291803255211562
1,486;0,247037294786423
1,488;0,202271334361285
1,49;0,157505373936146
1,492;0,123930903617293
1,494;0,0903564332984388
1,496;0,0735691981390119
1,498;0,0511862179264426
1,5;0,039994727820158
1,502;0,0343989827670157
1,504;0,0232074926607311
1,506;0,0232074926607311
1,508;0,0176117476075888
1,51;0,0176117476075888
1,512;0,0176117476075888
1,514;0,0288032377138734
1,516;0,0343989827670157
1,518;0,0455904728733003
1,52;0,0679734530858696
1,522;0,0903564332984388
1,524;0,123930903617293
1,526;0,163101118989289
1,528;0,207867079414427
1,53;0,26382452994585
1,532;0,325377725530416
1,534;0,386930921114981
1,536;0,448484116699547
1,538;0,498845822177827
1,54;0,515633057337254
1,542;0,515633057337254
1,544;0,470867096912116
1,546;0,398122411221266
1,548;0,291803255211562
1,55;0,157505373936146
1,552;0,0120160025544465
1,554;-0,127877623774111
1,556;-0,256579759996384
1,558;-0,368494661059231
1,56;-0,446835091803223
1,562;-0,486005307175219
1,564;-0,502792542334646
1,566;-0,486005307175219
1,568;-0,446835091803223
1,57;-0,396473386324942
1,572;-0,340515935793519
1,574;-0,284558485262096
1,576;-0,234196779783815
1,578;-0,183835074305534
1,58;-0,139069113880396
1,582;-0,111090388614684
1,584;-0,0775159182958305
1,586;-0,0607286831364036
1,588;-0,0383457029238343
1,59;-0,0271542128175497
1,592;-0,0159627227112651
1,594;-0,0103669776581228
1,596;-0,0103669776581228
1,598;-0,00477123260498047
1,6;-0,0103669776581228
1,602;-0,0159627227112651
1,604;-0,0215584677644074
1,606;-0,032749957870692
1,608;-0,0495371930301189
1,61;-0,0719201732426882
1,612;-0,0887074084021151
1,614;-0,127877623774111
1,616;-0,161452094092965
1,618;-0,211813799571246
1,62;-0,267771250102669
1,622;-0,329324445687234
1,624;-0,3908776412718
1,626;-0,441239346750081
1,628;-0,486005307175219
1,63;-0,491601052228361
1,632;-0,486005307175219
1,634;-0,441239346750081
1,636;-0,362898916006088
1,638;-0,256579759996384
1,64;-0,122281878720969
1,642;0,00642025750130415
1,644;0,146313883829862
1,646;0,26382452994585
1,648;0,364547940902412
1,65;0,43169688154012
1,652;0,476462841965258
1,654;0,4820585870184
1,656;0,465271351858974
1,658;0,43169688154012
1,66;0,381335176061839
1,662;0,325377725530416
1,664;0,275016020052135
1,666;0,224654314573854
1,668;0,174292609095573
1,67;0,135122393723577
1,672;0,101547923404723
1,674;0,0735691981390119
1,676;0,0567819629795849
1,678;0,039994727820158
1,68;0,0232074926607311
1,682;0,0176117476075888
1,684;0,0176117476075888
1,686;0,0120160025544465
1,688;0,00642025750130415
1,69;0,0232074926607311
1,692;0,0232074926607311
1,694;0,0288032377138734
1,696;0,039994727820158
1,698;0,0567819629795849
1,7;0,0791649431921542
1,702;0,101547923404723
1,704;0,14071813877672
1,706;0,174292609095573
1,708;0,230250059626997
1,71;0,275016020052135
1,712;0,330973470583558
1,714;0,392526666168123
1,716;0,437292626593262
1,718;0,476462841965258
1,72;0,4820585870184
1,722;0,470867096912116
1,724;0,414909646380693
1,726;0,3365692156367
1,728;0,230250059626997
1,73;0,101547923404723
1,732;-0,032749957870692
1,734;-0,17264358419925
1,736;-0,284558485262096
1,738;-0,385281896218657
1,74;-0,452430836856365
1,742;-0,491601052228361
1,744;-0,491601052228361
1,746;-0,469218072015792
1,748;-0,430047856643796
1,75;-0,374090406112373
1,752;-0,312537210527807
1,754;-0,256579759996384
1,756;-0,206218054518104
1,758;-0,150260603986681
1,76;-0,116686133667827
1,762;-0,0831116633489728
1,764;-0,0551329380832613
1,766;-0,0383457029238343
1,768;-0,0215584677644074
1,77;-0,0159627227112651
1,772;-0,00477123260498047
1,774;-0,00477123260498047
1,776;0,00082451244816184
1,778;0,00642025750130415
1,78;0,00082451244816184
1,782;0,00642025750130415
1,784;0,00642025750130415
1,786;0,00642025750130415
1,788;0,00642025750130415
1,79;0,00642025750130415
1,792;0,00642025750130415
1,794;0,00642025750130415
1,796;0,00642025750130415
1,798;0,00642025750130415
1,8;0,00642025750130415
1,802;0,00642025750130415
1,804;0,0120160025544465
1,806;0,00642025750130415
1,808;0,0120160025544465
1,81;0,00642025750130415
1,812;0,00642025750130415
1,814;0,00642025750130415
1,816;0,00642025750130415
1,818;0,00642025750130415
1,82;0,00642025750130415
1,822;0,00642025750130415
1,824;0,00082451244816184
1,826;-0,00477123260498047
1,828;-0,0103669776581228
1,83;-0,0271542128175497
1,832;-0,0383457029238343
1,834;-0,0607286831364036
1,836;-0,0887074084021151
1,838;-0,127877623774111
1,84;-0,17264358419925
1,842;-0,228601034730673
1,844;-0,290154230315238
1,846;-0,351707425899804
1,848;-0,413260621484369
1,85;-0,46362232696265
1,852;-0,491601052228361
1,854;-0,497196797281504
1,856;-0,474813817068934
1,858;-0,413260621484369
1,86;-0,329324445687234
1,862;-0,217409544624388
1,864;-0,0887074084021151
1,866;0,039994727820158
1,868;0,168696864042431
1,87;0,275016020052135
1,872;0,35895219584927
1,874;0,414909646380693
1,876;0,448484116699547
1,878;0,448484116699547
1,88;0,426101136486977
1,882;0,386930921114981
1,884;0,342164960689843
1,886;0,291803255211562
1,888;0,247037294786423
1,89;0,196675589308143
1,892;0,157505373936146
1,894;0,123930903617293
1,896;0,0903564332984388
1,898;0,0679734530858696
1,9;0,0511862179264426
1,902;0,039994727820158
1,904;0,0288032377138734
1,906;0,0176117476075888
1,908;0,00642025750130415
1,91;0,00082451244816184
1,912;0,00642025750130415
1,914;0,00642025750130415
1,916;0,00642025750130415
1,918;0,0120160025544465
1,92;0,0288032377138734
1,922;0,039994727820158
1,924;0,0623777080327272
1,926;0,0847606882452965
1,928;0,123930903617293
1,93;0,163101118989289
1,932;0,21346282446757
1,934;0,269420274998993
1,936;0,325377725530416
1,938;0,392526666168123
1,94;0,437292626593262
1,942;0,4820585870184
1,944;0,498845822177827
1,946;0,487654332071543
1,948;0,448484116699547
1,95;0,375739431008697
1,952;0,28620751015842
1,954;0,163101118989289
1,956;0,0343989827670157
1,958;-0,0943031534552574
1,96;-0,211813799571246
1,962;-0,312537210527807
1,964;-0,385281896218657
1,966;-0,435643601696938
1,968;-0,452430836856365
1,97;-0,441239346750081
1,972;-0,418856366537511
1,974;-0,374090406112373
1,976;-0,323728700634092
1,978;-0,273366995155811
1,98;-0,228601034730673
1,982;-0,183835074305534
1,984;-0,150260603986681
1,986;-0,116686133667827
1,988;-0,0887074084021151
1,99;-0,0663244281895459
1,992;-0,0495371930301189
1,994;-0,0383457029238343
1,996;-0,0271542128175497
1,998;-0,0215584677644074
2;-0,0159627227112651
2,002;-0,0103669776581228
2,004;-0,0103669776581228
2,006;-0,0103669776581228
2,008;-0,0159627227112651
2,01;-0,0215584677644074
2,012;-0,0439414479769766
2,014;-0,0551329380832613
2,016;-0,0719201732426882
2,018;-0,0998988985083997
2,02;-0,133473368827254
2,022;-0,178239329252392
2,024;-0,228601034730673
2,026;-0,278962740208954
2,028;-0,334920190740377
2,03;-0,396473386324942
2,032;-0,446835091803223
2,034;-0,491601052228361
2,036;-0,502792542334646
2,038;-0,491601052228361
2,04;-0,446835091803223
2,042;-0,368494661059231
2,044;-0,273366995155811
2,046;-0,144664858933538
2,048;-0,0159627227112651
2,05;0,11833515856415
2,052;0,235845804680139
2,054;0,3365692156367
2,056;0,414909646380693
2,058;0,454079861752689
2,06;0,476462841965258
2,062;0,459675606805831
2,064;0,43169688154012
2,066;0,386930921114981
2,068;0,3365692156367
2,07;0,28620751015842
2,072;0,235845804680139
2,074;0,191079844255
2,076;0,151909628883004
2,078;0,11833515856415
2,08;0,0903564332984388
2,082;0,0735691981390119
2,084;0,0511862179264426
2,086;0,0455904728733003
2,088;0,0288032377138734
2,09;0,0176117476075888
2,092;0,0176117476075888
2,094;0,0176117476075888
2,096;0,0176117476075888
2,098;0,0120160025544465
2,1;0,0232074926607311
2,102;0,0288032377138734
2,104;0,0455904728733003
2,106;0,0511862179264426
2,108;0,0735691981390119
2,11;0,101547923404723
2,112;0,129526648670435
2,114;0,174292609095573
2,116;0,219058569520712
2,118;0,275016020052135
2,12;0,330973470583558
2,122;0,392526666168123
2,124;0,442888371646404
2,126;0,4820585870184
2,128;0,498845822177827
2,13;0,493250077124685
2,132;0,448484116699547
2,134;0,370143685955554
2,136;0,280611765105277
2,138;0,151909628883004
2,14;0,0232074926607311
2,142;-0,111090388614684
2,144;-0,228601034730673
2,146;-0,334920190740377
2,148;-0,407664876431227
2,15;-0,458026581909508
2,152;-0,480409562122077
2,154;-0,469218072015792
2,156;-0,441239346750081
2,158;-0,396473386324942
2,16;-0,351707425899804
2,162;-0,290154230315238
2,164;-0,2453882698901
2,166;-0,200622309464961
2,168;-0,161452094092965
2,17;-0,122281878720969
2,172;-0,0887074084021151
2,174;-0,0719201732426882
2,176;-0,0439414479769766
2,178;-0,0383457029238343
2,18;-0,0271542128175497
2,182;-0,0215584677644074
2,184;-0,0103669776581228
2,186;-0,0103669776581228
2,188;-0,0159627227112651
2,19;-0,0103669776581228
2,192;-0,0215584677644074
2,194;-0,0159627227112651
2,196;-0,032749957870692
2,198;-0,0439414479769766
2,2;-0,0663244281895459
2,202;-0,0831116633489728
2,204;-0,111090388614684
2,206;-0,150260603986681
2,208;-0,189430819358677
2,21;-0,239792524836957
2,212;-0,290154230315238
2,214;-0,351707425899804
2,216;-0,402069131378084
2,218;-0,446835091803223
2,22;-0,474813817068934
2,222;-0,480409562122077
2,224;-0,452430836856365
2,226;-0,396473386324942
2,228;-0,312537210527807
2,23;-0,200622309464961
2,232;-0,0831116633489728
2,234;0,0455904728733003
2,236;0,163101118989289
2,238;0,275016020052135
2,24;0,364547940902412
2,242;0,426101136486977
2,244;0,459675606805831
2,246;0,465271351858974
2,248;0,448484116699547
2,25;0,414909646380693
2,252;0,370143685955554
2,254;0,319781980477273
2,256;0,269420274998993
2,258;0,219058569520712
2,26;0,174292609095573
2,262;0,135122393723577
2,264;0,0959521783515811
2,266;0,0735691981390119
2,268;0,0511862179264426
2,27;0,0343989827670157
2,272;0,0232074926607311
2,274;0,0176117476075888
2,276;0,0120160025544465
2,278;0,0120160025544465
2,28;0,0120160025544465
2,282;0,0120160025544465
2,284;0,0176117476075888
2,286;0,0232074926607311
2,288;0,0343989827670157
2,29;0,0455904728733003
2,292;0,0567819629795849
2,294;0,0847606882452965
2,296;0,107143668457866
2,298;0,14071813877672
2,3;0,174292609095573
2,302;0,224654314573854
2,304;0,269420274998993
2,306;0,319781980477273
2,308;0,375739431008697
2,31;0,420505391433835
2,312;0,454079861752689
2,314;0,470867096912116
2,316;0,459675606805831
2,318;0,414909646380693
2,32;0,353356450796127
2,322;0,247037294786423
2,324;0,135122393723577
2,326;0,00082451244816184
2,328;-0,122281878720969
2,33;-0,239792524836957
2,332;-0,334920190740377
2,334;-0,418856366537511
2,336;-0,46362232696265
2,338;-0,480409562122077
2,34;-0,474813817068934
2,342;-0,441239346750081
2,344;-0,396473386324942
2,346;-0,346111680846661
2,348;-0,290154230315238
2,35;-0,239792524836957
2,352;-0,183835074305534
2,354;-0,144664858933538
2,356;-0,105494643561542
2,358;-0,0775159182958305
2,36;-0,0495371930301189
2,362;-0,032749957870692
2,364;-0,0215584677644074
2,366;-0,0159627227112651
2,368;-0,0103669776581228
2,37;0,00082451244816184
2,372;0,00642025750130415
2,374;0,00642025750130415
2,376;0,00642025750130415
2,378;0,00642025750130415
2,38;0,00642025750130415
2,382;0,00642025750130415
2,384;0,00642025750130415
2,386;0,00642025750130415
2,388;0,00642025750130415
2,39;0,00082451244816184
2,392;0,00642025750130415
2,394;0,00642025750130415
2,396;0,00642025750130415
2,398;0,00642025750130415
2,4;0,0120160025544465
2,402;0,00642025750130415
2,404;0,00642025750130415
2,406;0,0120160025544465
2,408;0,00642025750130415
2,41;0,0120160025544465
2,412;0,0120160025544465
2,414;0,0120160025544465
2,416;0,00082451244816184
2,418;0,00642025750130415
2,42;0,00082451244816184
2,422;0,00082451244816184
2,424;-0,0103669776581228
2,426;-0,0159627227112651
2,428;-0,0271542128175497
2,43;-0,0383457029238343
2,432;-0,0551329380832613
2,434;-0,0831116633489728
2,436;-0,111090388614684
2,438;-0,155856349039823
2,44;-0,206218054518104
2,442;-0,262175505049527
2,444;-0,31813295558095
2,446;-0,374090406112373
2,448;-0,418856366537511
2,45;-0,46362232696265
2,452;-0,480409562122077
2,454;-0,469218072015792
2,456;-0,435643601696938
2,458;-0,374090406112373
2,46;-0,273366995155811
2,462;-0,167047839146107
2,464;-0,0495371930301189
2,466;0,0735691981390119
2,468;0,185484099201858
2,47;0,275016020052135
2,472;0,353356450796127
2,474;0,403718156274408
2,476;0,426101136486977
2,478;0,426101136486977
2,48;0,40931390132755
2,482;0,381335176061839
2,484;0,330973470583558
2,486;0,291803255211562
2,488;0,235845804680139
2,49;0,196675589308143
2,492;0,157505373936146
2,494;0,129526648670435
2,496;0,0959521783515811
2,498;0,0735691981390119
2,5;0,0567819629795849
2,502;0,039994727820158
2,504;0,0288032377138734
2,506;0,0176117476075888
2,508;0,00642025750130415
2,51;0,00642025750130415
2,512;0,00082451244816184
2,514;0,00082451244816184
2,516;0,00082451244816184
2,518;0,00642025750130415
2,52;0,0120160025544465
2,522;0,0288032377138734
2,524;0,0455904728733003
2,526;0,0735691981390119
2,528;0,0903564332984388
2,53;0,129526648670435
2,532;0,163101118989289
2,534;0,21346282446757
2,536;0,269420274998993
2,538;0,319781980477273
2,54;0,375739431008697
2,542;0,40931390132755
2,544;0,459675606805831
2,546;0,476462841965258
2,548;0,470867096912116
2,55;0,437292626593262
2,552;0,381335176061839
2,554;0,297399000264704
2,556;0,191079844255
2,558;0,0735691981390119
2,56;-0,0439414479769766
2,562;-0,150260603986681
2,564;-0,256579759996384
2,566;-0,334920190740377
2,568;-0,396473386324942
2,57;-0,424452111590654
2,572;-0,435643601696938
2,574;-0,418856366537511
2,576;-0,3908776412718
2,578;-0,351707425899804
2,58;-0,301345720421523
2,582;-0,256579759996384
2,584;-0,217409544624388
2,586;-0,178239329252392
2,588;-0,139069113880396
2,59;-0,111090388614684
2,592;-0,0831116633489728
2,594;-0,0663244281895459
2,596;-0,0495371930301189
2,598;-0,032749957870692
2,6;-0,0271542128175497
2,602;-0,0159627227112651
2,604;-0,0159627227112651
2,606;-0,0103669776581228
2,608;-0,0103669776581228
2,61;-0,0103669776581228
2,612;-0,0159627227112651
2,614;-0,0215584677644074
2,616;-0,0271542128175497
2,618;-0,0439414479769766
2,62;-0,0607286831364036
2,622;-0,0831116633489728
2,624;-0,116686133667827
2,626;-0,150260603986681
2,628;-0,189430819358677
2,63;-0,2453882698901
2,632;-0,295749975368381
2,634;-0,351707425899804
2,636;-0,402069131378084
2,638;-0,452430836856365
2,64;-0,486005307175219
2,642;-0,491601052228361
2,644;-0,474813817068934
2,646;-0,424452111590654
2,648;-0,351707425899804
2,65;-0,256579759996384
2,652;-0,139069113880396
2,654;-0,0103669776581228
2,656;0,112739413511008
2,658;0,224654314573854
2,66;0,319781980477273
2,662;0,392526666168123
2,664;0,442888371646404
2,666;0,459675606805831
2,668;0,459675606805831
2,67;0,426101136486977
2,672;0,386930921114981
2,674;0,347760705742985
2,676;0,297399000264704
2,678;0,247037294786423
2,68;0,202271334361285
2,682;0,163101118989289
2,684;0,129526648670435
2,686;0,101547923404723
2,688;0,0735691981390119
2,69;0,0623777080327272
2,692;0,0455904728733003
2,694;0,0343989827670157
2,696;0,0288032377138734
2,698;0,0232074926607311
2,7;0,0176117476075888
2,702;0,0120160025544465
2,704;0,0176117476075888
2,706;0,0176117476075888
2,708;0,0232074926607311
2,71;0,0343989827670157
2,712;0,0455904728733003
2,714;0,0511862179264426
2,716;0,0679734530858696
2,718;0,0959521783515811
2,72;0,11833515856415
2,722;0,157505373936146
2,724;0,191079844255
2,726;0,247037294786423
2,728;0,291803255211562
2,73;0,353356450796127
2,732;0,403718156274408
2,734;0,454079861752689
2,736;0,4820585870184
2,738;0,487654332071543
2,74;0,465271351858974
2,742;0,414909646380693
2,744;0,3365692156367
2,746;0,235845804680139
2,748;0,11833515856415
2,75;-0,0159627227112651
2,752;-0,127877623774111
2,754;-0,239792524836957
2,756;-0,334920190740377
2,758;-0,402069131378084
2,76;-0,446835091803223
2,762;-0,46362232696265
2,764;-0,46362232696265
2,766;-0,430047856643796
2,768;-0,396473386324942
2,77;-0,351707425899804
2,772;-0,301345720421523
2,774;-0,2453882698901
2,776;-0,206218054518104
2,778;-0,167047839146107
2,78;-0,127877623774111
2,782;-0,0998988985083997
2,784;-0,0719201732426882
2,786;-0,0551329380832613
2,788;-0,032749957870692
2,79;-0,0271542128175497
2,792;-0,0159627227112651
2,794;-0,0159627227112651
2,796;-0,00477123260498047
2,798;-0,0103669776581228
2,8;-0,0103669776581228
2,802;-0,0103669776581228
2,804;-0,0159627227112651
2,806;-0,0215584677644074
2,808;-0,032749957870692
2,81;-0,0439414479769766
2,812;-0,0663244281895459
2,814;-0,0887074084021151
2,816;-0,116686133667827
2,818;-0,144664858933538
2,82;-0,189430819358677
2,822;-0,234196779783815
2,824;-0,284558485262096
2,826;-0,334920190740377
2,828;-0,379686151165515
2,83;-0,424452111590654
2,832;-0,452430836856365
2,834;-0,46362232696265
2,836;-0,446835091803223
2,838;-0,402069131378084
2,84;-0,334920190740377
2,842;-0,234196779783815
2,844;-0,133473368827254
2,846;-0,0159627227112651
2,848;0,101547923404723
2,85;0,207867079414427
2,852;0,302994745317847
2,854;0,375739431008697
2,856;0,420505391433835
2,858;0,442888371646404
2,86;0,442888371646404
2,862;0,426101136486977
2,864;0,392526666168123
2,866;0,347760705742985
2,868;0,297399000264704
2,87;0,247037294786423
2,872;0,207867079414427
2,874;0,163101118989289
2,876;0,129526648670435
2,878;0,101547923404723
2,88;0,0791649431921542
2,882;0,0567819629795849
2,884;0,0455904728733003
2,886;0,0288032377138734
2,888;0,0176117476075888
2,89;0,0120160025544465
2,892;0,0120160025544465
2,894;0,0120160025544465
2,896;0,00642025750130415
2,898;0,0176117476075888
2,9;0,0176117476075888
2,902;0,0288032377138734
2,904;0,0288032377138734
2,906;0,0511862179264426
2,908;0,0623777080327272
2,91;0,0847606882452965
2,912;0,112739413511008
2,914;0,14071813877672
2,916;0,179888354148716
2,918;0,224654314573854
2,92;0,275016020052135
2,922;0,319781980477273
2,924;0,370143685955554
2,926;0,40931390132755
2,928;0,448484116699547
2,93;0,454079861752689
2,932;0,442888371646404
2,934;0,40931390132755
2,936;0,342164960689843
2,938;0,258228784892708
2,94;0,151909628883004
2,942;0,0343989827670157
2,944;-0,0887074084021151
2,946;-0,195026564411819
2,948;-0,301345720421523
2,95;-0,379686151165515
2,952;-0,435643601696938
2,954;-0,458026581909508
2,956;-0,469218072015792
2,958;-0,452430836856365
2,96;-0,413260621484369
2,962;-0,362898916006088
2,964;-0,312537210527807
2,966;-0,262175505049527
2,968;-0,211813799571246
2,97;-0,161452094092965
2,972;-0,122281878720969
2,974;-0,0943031534552574
2,976;-0,0607286831364036
2,978;-0,0439414479769766
2,98;-0,032749957870692
2,982;-0,0159627227112651
2,984;-0,0103669776581228
2,986;0,00082451244816184
2,988;0,00082451244816184
2,99;0,00642025750130415
2,992;0,00082451244816184
2,994;0,00642025750130415
2,996;0,00082451244816184
2,998;0,00082451244816184
3;0,00082451244816184
3,002;0,00082451244816184
3,004;0,00642025750130415
3,006;0,00642025750130415
3,008;0,00642025750130415
3,01;0,00082451244816184
3,012;0,00642025750130415
3,014;0,00082451244816184
3,016;0,0120160025544465
3,018;0,00642025750130415
3,02;0,00642025750130415
3,022;0,00642025750130415
3,024;0,0120160025544465
3,026;0,0120160025544465
3,028;0,00642025750130415
3,03;0,0120160025544465
3,032;0,00642025750130415
3,034;0,00642025750130415
3,036;0,00642025750130415
3,038;0,00642025750130415
3,04;0,00082451244816184
3,042;0,00082451244816184
3,044;0,00082451244816184
3,046;-0,0103669776581228
3,048;-0,0215584677644074
3,05;-0,0271542128175497
3,052;-0,0439414479769766
3,054;-0,0775159182958305
3,056;-0,105494643561542
3,058;-0,139069113880396
3,06;-0,178239329252392
3,062;-0,234196779783815
3,064;-0,284558485262096
3,066;-0,340515935793519
3,068;-0,3908776412718
3,07;-0,435643601696938
3,072;-0,46362232696265
3,074;-0,46362232696265
3,076;-0,446835091803223
3,078;-0,402069131378084
3,08;-0,334920190740377
3,082;-0,239792524836957
3,084;-0,133473368827254
3,086;-0,0215584677644074
3,088;0,0903564332984388
3,09;0,196675589308143
3,092;0,280611765105277
3,094;0,347760705742985
3,096;0,392526666168123
3,098;0,414909646380693
3,1;0,420505391433835
3,102;0,392526666168123
3,104;0,364547940902412
3,106;0,330973470583558
3,108;0,28620751015842
3,11;0,247037294786423
3,112;0,202271334361285
3,114;0,163101118989289
3,116;0,129526648670435
3,118;0,101547923404723
3,12;0,0791649431921542
3,122;0,0623777080327272
3,124;0,0455904728733003
3,126;0,0343989827670157
3,128;0,0232074926607311
3,13;0,0176117476075888
3,132;0,0120160025544465
3,134;0,00082451244816184
3,136;0,00082451244816184
3,138;0,00082451244816184
3,14;0,00082451244816184
3,142;0,00642025750130415
3,144;0,0232074926607311
3,146;0,0232074926607311
3,148;0,0455904728733003
3,15;0,0623777080327272
3,152;0,0847606882452965
3,154;0,11833515856415
3,156;0,157505373936146
3,158;0,196675589308143
3,16;0,241441549733281
3,162;0,297399000264704
3,164;0,342164960689843
3,166;0,398122411221266
3,168;0,43169688154012
3,17;0,454079861752689
3,172;0,459675606805831
3,174;0,442888371646404
3,176;0,398122411221266
3,178;0,330973470583558
3,18;0,247037294786423
3,182;0,135122393723577
3,184;0,0288032377138734
3,186;-0,0831116633489728
3,188;-0,183835074305534
3,19;-0,273366995155811
3,192;-0,346111680846661
3,194;-0,385281896218657
3,196;-0,413260621484369
3,198;-0,413260621484369
3,2;-0,402069131378084
3,202;-0,374090406112373
3,204;-0,334920190740377
3,206;-0,290154230315238
3,208;-0,250984014943242
3,21;-0,211813799571246
3,212;-0,17264358419925
3,214;-0,144664858933538
3,216;-0,111090388614684
3,218;-0,0887074084021151
3,22;-0,0663244281895459
3,222;-0,0551329380832613
3,224;-0,0383457029238343
3,226;-0,032749957870692
3,228;-0,0215584677644074
3,23;-0,0103669776581228
3,232;-0,0103669776581228
3,234;-0,00477123260498047
3,236;-0,0103669776581228
3,238;-0,00477123260498047
3,24;-0,0159627227112651
3,242;-0,0159627227112651
3,244;-0,032749957870692
3,246;-0,0439414479769766
3,248;-0,0607286831364036
3,25;-0,0887074084021151
3,252;-0,111090388614684
3,254;-0,150260603986681
3,256;-0,178239329252392
3,258;-0,228601034730673
3,26;-0,278962740208954
3,262;-0,334920190740377
3,264;-0,379686151165515
3,266;-0,424452111590654
3,268;-0,458026581909508
3,27;-0,474813817068934
3,272;-0,469218072015792
3,274;-0,430047856643796
3,276;-0,374090406112373
3,278;-0,284558485262096
3,28;-0,183835074305534
3,282;-0,0663244281895459
3,284;0,0455904728733003
3,286;0,163101118989289
3,288;0,26382452994585
3,29;0,3365692156367
3,292;0,403718156274408
3,294;0,437292626593262
3,296;0,437292626593262
3,298;0,43169688154012
3,3;0,414909646380693
3,302;0,370143685955554
3,304;0,330973470583558
3,306;0,28620751015842
3,308;0,235845804680139
3,31;0,196675589308143
3,312;0,157505373936146
3,314;0,129526648670435
3,316;0,101547923404723
3,318;0,0791649431921542
3,32;0,0567819629795849
3,322;0,0455904728733003
3,324;0,039994727820158
3,326;0,0232074926607311
3,328;0,0232074926607311
3,33;0,0120160025544465
3,332;0,0176117476075888
3,334;0,00642025750130415
3,336;0,0176117476075888
3,338;0,0176117476075888
3,34;0,0232074926607311
3,342;0,0343989827670157
3,344;0,0455904728733003
3,346;0,0567819629795849
3,348;0,0735691981390119
3,35;0,0959521783515811
3,352;0,11833515856415
3,354;0,157505373936146
3,356;0,202271334361285
3,358;0,247037294786423
3,36;0,297399000264704
3,362;0,342164960689843
3,364;0,398122411221266
3,366;0,437292626593262
3,368;0,465271351858974
3,37;0,470867096912116
3,372;0,454079861752689
3,374;0,414909646380693
3,376;0,342164960689843
3,378;0,258228784892708
3,38;0,146313883829862
3,382;0,0343989827670157
3,384;-0,0831116633489728
3,386;-0,200622309464961
3,388;-0,295749975368381
3,39;-0,368494661059231
3,392;-0,418856366537511
3,394;-0,446835091803223
3,396;-0,452430836856365
3,398;-0,441239346750081
3,4;-0,407664876431227
3,402;-0,368494661059231
3,404;-0,323728700634092
3,406;-0,273366995155811
3,408;-0,228601034730673
3,41;-0,189430819358677
3,412;-0,155856349039823
3,414;-0,122281878720969
3,416;-0,0943031534552574
3,418;-0,0663244281895459
3,42;-0,0551329380832613
3,422;-0,0383457029238343
3,424;-0,0271542128175497
3,426;-0,0215584677644074
3,428;-0,0159627227112651
3,43;-0,0103669776581228
3,432;-0,00477123260498047
3,434;-0,0103669776581228
3,436;-0,0103669776581228
3,438;-0,0159627227112651
3,44;-0,0159627227112651
3,442;-0,0271542128175497
3,444;-0,0383457029238343
3,446;-0,0495371930301189
3,448;-0,0719201732426882
3,45;-0,0887074084021151
3,452;-0,116686133667827
3,454;-0,150260603986681
3,456;-0,183835074305534
3,458;-0,234196779783815
3,46;-0,278962740208954
3,462;-0,329324445687234
3,464;-0,374090406112373
3,466;-0,413260621484369
3,468;-0,435643601696938
3,47;-0,452430836856365
3,472;-0,430047856643796
3,474;-0,396473386324942
3,476;-0,334920190740377
3,478;-0,2453882698901
3,48;-0,150260603986681
3,482;-0,0383457029238343
3,484;0,0679734530858696
3,486;0,174292609095573
3,488;0,26382452994585
3,49;0,3365692156367
3,492;0,392526666168123
3,494;0,426101136486977
3,496;0,43169688154012
3,498;0,420505391433835
3,5;0,403718156274408
3,502;0,364547940902412
3,504;0,325377725530416
3,506;0,280611765105277
3,508;0,235845804680139
3,51;0,191079844255
3,512;0,151909628883004
3,514;0,123930903617293
3,516;0,0903564332984388
3,518;0,0679734530858696
3,52;0,0511862179264426
3,522;0,0343989827670157
3,524;0,0232074926607311
3,526;0,0120160025544465
3,528;0,0120160025544465
3,53;0,00642025750130415
3,532;0,00642025750130415
3,534;0,00642025750130415
3,536;0,0120160025544465
3,538;0,0176117476075888
3,54;0,0232074926607311
3,542;0,0343989827670157
3,544;0,0455904728733003
3,546;0,0567819629795849
3,548;0,0735691981390119
3,55;0,0959521783515811
3,552;0,11833515856415
3,554;0,151909628883004
3,556;0,191079844255
3,558;0,230250059626997
3,56;0,275016020052135
3,562;0,319781980477273
3,564;0,370143685955554
3,566;0,403718156274408
3,568;0,426101136486977
3,57;0,437292626593262
3,572;0,420505391433835
3,574;0,386930921114981
3,576;0,325377725530416
3,578;0,252633039839566
3,58;0,151909628883004
3,582;0,0455904728733003
3,584;-0,0663244281895459
3,586;-0,17264358419925
3,588;-0,262175505049527
3,59;-0,340515935793519
3,592;-0,396473386324942
3,594;-0,430047856643796
3,596;-0,441239346750081
3,598;-0,441239346750081
3,6;-0,413260621484369
3,602;-0,374090406112373
3,604;-0,329324445687234
3,606;-0,284558485262096
3,608;-0,228601034730673
3,61;-0,189430819358677
3,612;-0,150260603986681
3,614;-0,111090388614684
3,616;-0,0887074084021151
3,618;-0,0607286831364036
3,62;-0,0383457029238343
3,622;-0,0271542128175497
3,624;-0,0159627227112651
3,626;-0,0103669776581228
3,628;-0,00477123260498047
3,63;0,00642025750130415
3,632;0,00082451244816184
3,634;0,00642025750130415
3,636;0,00642025750130415
3,638;0,00642025750130415
3,64;0,00642025750130415
3,642;0,00642025750130415
3,644;0,00642025750130415
3,646;0,00642025750130415
3,648;0,00642025750130415
3,65;0,00642025750130415
3,652;0,00642025750130415
3,654;0,00642025750130415
3,656;0,00642025750130415
3,658;0,00642025750130415
3,66;0,00642025750130415
3,662;0,00642025750130415
3,664;0,00642025750130415
3,666;0,00642025750130415
3,668;0,00642025750130415
3,67;0,00642025750130415
3,672;0,00642025750130415
3,674;0,00642025750130415
3,676;0,00642025750130415
3,678;0,00642025750130415
3,68;0,00642025750130415
3,682;0,00082451244816184
3,684;0,00642025750130415
3,686;0,00082451244816184
3,688;-0,00477123260498047
3,69;-0,00477123260498047
3,692;-0,0215584677644074
3,694;-0,0271542128175497
3,696;-0,0439414479769766
3,698;-0,0607286831364036
3,7;-0,0831116633489728
3,702;-0,111090388614684
3,704;-0,150260603986681
3,706;-0,195026564411819
3,708;-0,2453882698901
3,71;-0,295749975368381
3,712;-0,346111680846661
3,714;-0,3908776412718
3,716;-0,430047856643796
3,718;-0,446835091803223
3,72;-0,452430836856365
3,722;-0,430047856643796
3,724;-0,385281896218657
3,726;-0,31813295558095
3,728;-0,234196779783815
3,73;-0,133473368827254
3,732;-0,0271542128175497
3,734;0,0735691981390119
3,736;0,174292609095573
3,738;0,258228784892708
3,74;0,325377725530416
3,742;0,370143685955554
3,744;0,398122411221266
3,746;0,40931390132755
3,748;0,392526666168123
3,75;0,370143685955554
3,752;0,3365692156367
3,754;0,297399000264704
3,756;0,252633039839566
3,758;0,21346282446757
3,76;0,179888354148716
3,762;0,146313883829862
3,764;0,123930903617293
3,766;0,0959521783515811
3,768;0,0735691981390119
3,77;0,0567819629795849
3,772;0,039994727820158
3,774;0,0343989827670157
3,776;0,0232074926607311
3,778;0,0120160025544465
3,78;0,0120160025544465
3,782;0,00082451244816184
3,784;0,00082451244816184
3,786;0,00082451244816184
3,788;0,00082451244816184
3,79;0,00082451244816184
3,792;0,00642025750130415
3,794;0,0232074926607311
3,796;0,0288032377138734
3,798;0,0511862179264426
3,8;0,0735691981390119
3,802;0,101547923404723
3,804;0,129526648670435
3,806;0,168696864042431
3,808;0,21346282446757
3,81;0,258228784892708
3,812;0,302994745317847
3,814;0,347760705742985
3,816;0,392526666168123
3,818;0,420505391433835
3,82;0,442888371646404
3,822;0,442888371646404
3,824;0,420505391433835
3,826;0,381335176061839
3,828;0,314186235424131
3,83;0,224654314573854
3,832;0,135122393723577
3,834;0,0343989827670157
3,836;-0,0719201732426882
3,838;-0,167047839146107
3,84;-0,250984014943242
3,842;-0,31813295558095
3,844;-0,362898916006088
3,846;-0,396473386324942
3,848;-0,396473386324942
3,85;-0,3908776412718
3,852;-0,368494661059231
3,854;-0,334920190740377
3,856;-0,301345720421523
3,858;-0,262175505049527
3,86;-0,217409544624388
3,862;-0,189430819358677
3,864;-0,150260603986681
3,866;-0,127877623774111
3,868;-0,0943031534552574
3,87;-0,0831116633489728
3,872;-0,0607286831364036
3,874;-0,0495371930301189
3,876;-0,0383457029238343
3,878;-0,0271542128175497
3,88;-0,0215584677644074
3,882;-0,0159627227112651
3,884;-0,0159627227112651
3,886;-0,00477123260498047
3,888;-0,0103669776581228
3,89;-0,0103669776581228
3,892;-0,0159627227112651
3,894;-0,0215584677644074
3,896;-0,0271542128175497
3,898;-0,0383457029238343
3,9;-0,0551329380832613
3,902;-0,0719201732426882
3,904;-0,0998988985083997
3,906;-0,122281878720969
3,908;-0,155856349039823
3,91;-0,195026564411819
3,912;-0,239792524836957
3,914;-0,284558485262096
3,916;-0,334920190740377
3,918;-0,379686151165515
3,92;-0,418856366537511
3,922;-0,441239346750081
3,924;-0,452430836856365
3,926;-0,441239346750081
3,928;-0,413260621484369
3,93;-0,351707425899804
3,932;-0,273366995155811
3,934;-0,178239329252392
3,936;-0,0775159182958305
3,938;0,0232074926607311
3,94;0,135122393723577
3,942;0,230250059626997
3,944;0,302994745317847
3,946;0,35895219584927
3,948;0,403718156274408
3,95;0,426101136486977
3,952;0,420505391433835
3,954;0,40931390132755
3,956;0,370143685955554
3,958;0,330973470583558
3,96;0,291803255211562
3,962;0,252633039839566
3,964;0,219058569520712
3,966;0,179888354148716
3,968;0,14071813877672
3,97;0,11833515856415
3,972;0,0959521783515811
3,974;0,0735691981390119
3,976;0,0567819629795849
3,978;0,0511862179264426
3,98;0,0343989827670157
3,982;0,0288032377138734
3,984;0,0232074926607311
3,986;0,0232074926607311
3,988;0,0176117476075888
3,99;0,0176117476075888
3,992;0,0120160025544465
3,994;0,0176117476075888
3,996;0,0176117476075888
3,998;0,0232074926607311
4;0,0343989827670157
4,002;0,0455904728733003
4,004;0,0567819629795849
4,006;0,0791649431921542
4,008;0,101547923404723
4,01;0,129526648670435
4,012;0,163101118989289
4,014;0,196675589308143
4,016;0,247037294786423
4,018;0,291803255211562
4,02;0,347760705742985
4,022;0,386930921114981
4,024;0,43169688154012
4,026;0,454079861752689
4,028;0,465271351858974
4,03;0,454079861752689
4,032;0,40931390132755
4,034;0,347760705742985
4,036;0,269420274998993
4,038;0,168696864042431
4,04;0,0623777080327272
4,042;-0,0495371930301189
4,044;-0,155856349039823
4,046;-0,250984014943242
4,048;-0,334920190740377
4,05;-0,385281896218657
4,052;-0,424452111590654
4,054;-0,441239346750081
4,056;-0,435643601696938
4,058;-0,413260621484369
4,06;-0,379686151165515
4,062;-0,340515935793519
4,064;-0,295749975368381
4,066;-0,256579759996384
4,068;-0,211813799571246
4,07;-0,178239329252392
4,072;-0,144664858933538
4,074;-0,116686133667827
4,076;-0,0887074084021151
4,078;-0,0663244281895459
4,08;-0,0551329380832613
4,082;-0,0383457029238343
4,084;-0,032749957870692
4,086;-0,0215584677644074
4,088;-0,0159627227112651
4,09;-0,00477123260498047
4,092;-0,00477123260498047
4,094;-0,0103669776581228
4,096;-0,00477123260498047
4,098;-0,0103669776581228
4,1;-0,0103669776581228
4,102;-0,0159627227112651
4,104;-0,0271542128175497
4,106;-0,0383457029238343
4,108;-0,0551329380832613
4,11;-0,0663244281895459
4,112;-0,0887074084021151
4,114;-0,111090388614684
4,116;-0,150260603986681
4,118;-0,178239329252392
4,12;-0,223005289677531
4,122;-0,267771250102669
4,124;-0,312537210527807
4,126;-0,362898916006088
4,128;-0,396473386324942
4,13;-0,424452111590654
4,132;-0,430047856643796
4,134;-0,418856366537511
4,136;-0,3908776412718
4,138;-0,334920190740377
4,14;-0,267771250102669
4,142;-0,17264358419925
4,144;-0,0775159182958305
4,146;0,0232074926607311
4,148;0,123930903617293
4,15;0,21346282446757
4,152;0,297399000264704
4,154;0,347760705742985
4,156;0,392526666168123
4,158;0,414909646380693
4,16;0,414909646380693
4,162;0,403718156274408
4,164;0,375739431008697
4,166;0,342164960689843
4,168;0,302994745317847
4,17;0,26382452994585
4,172;0,219058569520712
4,174;0,179888354148716
4,176;0,146313883829862
4,178;0,112739413511008
4,18;0,0903564332984388
4,182;0,0735691981390119
4,184;0,0511862179264426
4,186;0,039994727820158
4,188;0,0288032377138734
4,19;0,0176117476075888
4,192;0,0120160025544465
4,194;0,0120160025544465
4,196;0,0120160025544465
4,198;0,0120160025544465
4,2;0,0120160025544465
4,202;0,0120160025544465
4,204;0,0232074926607311
4,206;0,0288032377138734
4,208;0,0343989827670157
4,21;0,0455904728733003
4,212;0,0567819629795849
4,214;0,0735691981390119
4,216;0,0959521783515811
4,218;0,11833515856415
4,22;0,14071813877672
4,222;0,179888354148716
4,224;0,21346282446757
4,226;0,252633039839566
4,228;0,297399000264704
4,23;0,3365692156367
4,232;0,370143685955554
4,234;0,403718156274408
4,236;0,414909646380693
4,238;0,40931390132755
4,24;0,386930921114981
4,242;0,342164960689843
4,244;0,275016020052135
4,246;0,202271334361285
4,248;0,107143668457866
4,25;0,00642025750130415
4,252;-0,0943031534552574
4,254;-0,195026564411819
4,256;-0,267771250102669
4,258;-0,340515935793519
4,26;-0,385281896218657
4,262;-0,418856366537511
4,264;-0,424452111590654
4,266;-0,418856366537511
4,268;-0,396473386324942
4,27;-0,357303170952946
4,272;-0,312537210527807
4,274;-0,273366995155811
4,276;-0,234196779783815
4,278;-0,189430819358677
4,28;-0,150260603986681
4,282;-0,116686133667827
4,284;-0,0887074084021151
4,286;-0,0719201732426882
4,288;-0,0439414479769766
4,29;-0,0383457029238343
4,292;-0,0215584677644074
4,294;-0,0159627227112651
4,296;-0,0103669776581228
4,298;-0,00477123260498047
4,3;-0,00477123260498047
4,302;0,00082451244816184
4,304;0,00642025750130415
4,306;0,00642025750130415
4,308;0,00642025750130415
4,31;0,00642025750130415
4,312;0,00082451244816184
4,314;0,00642025750130415
4,316;0,00642025750130415
4,318;0,00642025750130415
4,32;0,00082451244816184
4,322;0,00642025750130415
4,324;0,00642025750130415
4,326;0,00642025750130415
4,328;0,00082451244816184
4,33;0,00082451244816184
4,332;0,0120160025544465
4,334;0,00642025750130415
4,336;0,0120160025544465
4,338;0,00642025750130415
4,34;0,00642025750130415
4,342;0,00082451244816184
4,344;0,00642025750130415
4,346;0,00642025750130415
4,348;0,00642025750130415
4,35;0,00642025750130415
4,352;0,00642025750130415
4,354;0,00642025750130415
4,356;0,00642025750130415
4,358;0,00082451244816184
4,36;0,00082451244816184
4,362;-0,0103669776581228
4,364;-0,0103669776581228
4,366;-0,0271542128175497
4,368;-0,0383457029238343
4,37;-0,0551329380832613
4,372;-0,0775159182958305
4,374;-0,105494643561542
4,376;-0,139069113880396
4,378;-0,17264358419925
4,38;-0,217409544624388
4,382;-0,267771250102669
4,384;-0,31813295558095
4,386;-0,362898916006088
4,388;-0,402069131378084
4,39;-0,435643601696938
4,392;-0,441239346750081
4,394;-0,430047856643796
4,396;-0,407664876431227
4,398;-0,357303170952946
4,4;-0,290154230315238
4,402;-0,206218054518104
4,404;-0,111090388614684
4,406;-0,0103669776581228
4,408;0,0847606882452965
4,41;0,174292609095573
4,412;0,252633039839566
4,414;0,314186235424131
4,416;0,35895219584927
4,418;0,386930921114981
4,42;0,398122411221266
4,422;0,386930921114981
4,424;0,364547940902412
4,426;0,330973470583558
4,428;0,291803255211562
4,43;0,258228784892708
4,432;0,224654314573854
4,434;0,185484099201858
4,436;0,151909628883004
4,438;0,123930903617293
4,44;0,101547923404723
4,442;0,0735691981390119
4,444;0,0567819629795849
4,446;0,0455904728733003
4,448;0,0343989827670157
4,45;0,0232074926607311
4,452;0,0176117476075888
4,454;0,0120160025544465
4,456;0,00642025750130415
4,458;0,00082451244816184
4,46;0,00082451244816184
4,462;0,00082451244816184
4,464;0,00642025750130415
4,466;0,00642025750130415
4,468;0,0120160025544465
4,47;0,0176117476075888
4,472;0,0288032377138734
4,474;0,0511862179264426
4,476;0,0623777080327272
4,478;0,0903564332984388
4,48;0,11833515856415
4,482;0,146313883829862
4,484;0,179888354148716
4,486;0,219058569520712
4,488;0,26382452994585
4,49;0,302994745317847
4,492;0,347760705742985
4,494;0,381335176061839
4,496;0,403718156274408
4,498;0,420505391433835
4,5;0,414909646380693
4,502;0,392526666168123
4,504;0,353356450796127
4,506;0,291803255211562
4,508;0,219058569520712
4,51;0,135122393723577
4,512;0,039994727820158
4,514;-0,0551329380832613
4,516;-0,139069113880396
4,518;-0,217409544624388
4,52;-0,278962740208954
4,522;-0,334920190740377
4,524;-0,362898916006088
4,526;-0,379686151165515
4,528;-0,374090406112373
4,53;-0,357303170952946
4,532;-0,334920190740377
4,534;-0,306941465474665
4,536;-0,267771250102669
4,538;-0,239792524836957
4,54;-0,206218054518104
4,542;-0,17264358419925
4,544;-0,144664858933538
4,546;-0,116686133667827
4,548;-0,0943031534552574
4,55;-0,0775159182958305
4,552;-0,0607286831364036
4,554;-0,0439414479769766
4,556;-0,0383457029238343
4,558;-0,0271542128175497
4,56;-0,0215584677644074
4,562;-0,0159627227112651
4,564;-0,0103669776581228
4,566;-0,0103669776581228
4,568;-0,0103669776581228
4,57;-0,00477123260498047
4,572;-0,0103669776581228
4,574;-0,0159627227112651
4,576;-0,0215584677644074
4,578;-0,0383457029238343
4,58;-0,0439414479769766
4,582;-0,0607286831364036
4,584;-0,0775159182958305
4,586;-0,105494643561542
4,588;-0,127877623774111
4,59;-0,155856349039823
4,592;-0,200622309464961
4,594;-0,234196779783815
4,596;-0,278962740208954
4,598;-0,31813295558095
4,6;-0,362898916006088
4,602;-0,396473386324942
4,604;-0,418856366537511
4,606;-0,430047856643796
4,608;-0,424452111590654
4,61;-0,396473386324942
4,612;-0,351707425899804
4,614;-0,284558485262096
4,616;-0,206218054518104
4,618;-0,111090388614684
4,62;-0,0159627227112651
4,622;0,0791649431921542
4,624;0,174292609095573
4,626;0,252633039839566
4,628;0,319781980477273
4,63;0,364547940902412
4,632;0,392526666168123
4,634;0,403718156274408
4,636;0,398122411221266
4,638;0,375739431008697
4,64;0,353356450796127
4,642;0,314186235424131
4,644;0,280611765105277
4,646;0,241441549733281
4,648;0,207867079414427
4,65;0,174292609095573
4,652;0,14071813877672
4,654;0,11833515856415
4,656;0,0903564332984388
4,658;0,0735691981390119
4,66;0,0623777080327272
4,662;0,0455904728733003
4,664;0,0343989827670157
4,666;0,0288032377138734
4,668;0,0232074926607311
4,67;0,0232074926607311
4,672;0,0120160025544465
4,674;0,0176117476075888
4,676;0,0120160025544465
4,678;0,0120160025544465
4,68;0,0232074926607311
4,682;0,0176117476075888
4,684;0,0232074926607311
4,686;0,0288032377138734
4,688;0,0455904728733003
4,69;0,0567819629795849
4,692;0,0735691981390119
4,694;0,0959521783515811
4,696;0,11833515856415
4,698;0,157505373936146
4,7;0,185484099201858
4,702;0,230250059626997
4,704;0,269420274998993
4,706;0,319781980477273
4,708;0,364547940902412
4,71;0,398122411221266
4,712;0,43169688154012
4,714;0,448484116699547
4,716;0,437292626593262
4,718;0,420505391433835
4,72;0,370143685955554
4,722;0,308590490370989
4,724;0,224654314573854
4,726;0,129526648670435
4,728;0,0288032377138734
4,73;-0,0719201732426882
4,732;-0,167047839146107
4,734;-0,250984014943242
4,736;-0,323728700634092
4,738;-0,374090406112373
4,74;-0,413260621484369
4,742;-0,424452111590654
4,744;-0,424452111590654
4,746;-0,402069131378084
4,748;-0,379686151165515
4,75;-0,340515935793519
4,752;-0,295749975368381
4,754;-0,256579759996384
4,756;-0,217409544624388
4,758;-0,183835074305534
4,76;-0,150260603986681
4,762;-0,122281878720969
4,764;-0,0998988985083997
4,766;-0,0719201732426882
4,768;-0,0607286831364036
4,77;-0,0439414479769766
4,772;-0,032749957870692
4,774;-0,0215584677644074
4,776;-0,0103669776581228
4,778;-0,0103669776581228
4,78;-0,00477123260498047
4,782;-0,0103669776581228
4,784;-0,00477123260498047
4,786;-0,00477123260498047
4,788;-0,0103669776581228
4,79;-0,0159627227112651
4,792;-0,0215584677644074
4,794;-0,032749957870692
4,796;-0,0383457029238343
4,798;-0,0495371930301189
4,8;-0,0607286831364036
4,802;-0,0831116633489728
4,804;-0,105494643561542
4,806;-0,127877623774111
4,808;-0,155856349039823
4,81;-0,195026564411819
4,812;-0,239792524836957
4,814;-0,267771250102669
4,816;-0,312537210527807
4,818;-0,351707425899804
4,82;-0,385281896218657
4,822;-0,402069131378084
4,824;-0,407664876431227
4,826;-0,396473386324942
4,828;-0,362898916006088
4,83;-0,312537210527807
4,832;-0,250984014943242
4,834;-0,167047839146107
4,836;-0,0831116633489728
4,838;0,00642025750130415
4,84;0,0959521783515811
4,842;0,185484099201858
4,844;0,252633039839566
4,846;0,314186235424131
4,848;0,35895219584927
4,85;0,386930921114981
4,852;0,392526666168123
4,854;0,386930921114981
4,856;0,370143685955554
4,858;0,342164960689843
4,86;0,308590490370989
4,862;0,275016020052135
4,864;0,241441549733281
4,866;0,202271334361285
4,868;0,168696864042431
4,87;0,135122393723577
4,872;0,112739413511008
4,874;0,0903564332984388
4,876;0,0679734530858696
4,878;0,0455904728733003
4,88;0,039994727820158
4,882;0,0232074926607311
4,884;0,0232074926607311
4,886;0,0176117476075888
4,888;0,00642025750130415
4,89;0,00642025750130415
4,892;0,00642025750130415
4,894;0,00642025750130415
4,896;0,00642025750130415
4,898;0,0120160025544465
4,9;0,0232074926607311
4,902;0,0288032377138734
4,904;0,0343989827670157
4,906;0,0455904728733003
4,908;0,0623777080327272
4,91;0,0791649431921542
4,912;0,0959521783515811
4,914;0,123930903617293
4,916;0,146313883829862
4,918;0,179888354148716
4,92;0,207867079414427
4,922;0,252633039839566
4,924;0,28620751015842
4,926;0,325377725530416
4,928;0,35895219584927
4,93;0,381335176061839
4,932;0,398122411221266
4,934;0,392526666168123
4,936;0,381335176061839
4,938;0,342164960689843
4,94;0,291803255211562
4,942;0,224654314573854
4,944;0,14071813877672
4,946;0,0567819629795849
4,948;-0,0439414479769766
4,95;-0,127877623774111
4,952;-0,211813799571246
4,954;-0,284558485262096
4,956;-0,340515935793519
4,958;-0,379686151165515
4,96;-0,396473386324942
4,962;-0,402069131378084
4,964;-0,396473386324942
4,966;-0,374090406112373
4,968;-0,346111680846661
4,97;-0,306941465474665
4,972;-0,267771250102669
4,974;-0,223005289677531
4,976;-0,183835074305534
4,978;-0,155856349039823
4,98;-0,116686133667827
4,982;-0,0943031534552574
4,984;-0,0719201732426882
4,986;-0,0551329380832613
4,988;-0,0383457029238343
4,99;-0,0271542128175497
4,992;-0,0215584677644074
4,994;-0,0103669776581228
4,996;-0,0103669776581228
4,998;0,00082451244816184
5;0,00082451244816184
5,002;0,00082451244816184
5,004;0,00082451244816184
5,006;0,00642025750130415
5,008;0,00642025750130415
5,01;0,00642025750130415
5,012;0,00642025750130415
5,014;0,0120160025544465
5,016;0,00642025750130415
5,018;0,00642025750130415
5,02;0,0120160025544465
5,022;0,0120160025544465
5,024;0,00082451244816184
5,026;0,0120160025544465
5,028;0,00642025750130415
5,03;0,00642025750130415
5,032;0,00642025750130415
5,034;0,00082451244816184
5,036;0,00642025750130415
5,038;0,00082451244816184
5,04;0,00642025750130415
5,042;0,00642025750130415
5,044;0,00082451244816184
5,046;0,00642025750130415
5,048;0,00642025750130415
5,05;0,00642025750130415
5,052;0,00642025750130415
5,054;0,00642025750130415
5,056;0,00082451244816184
5,058;0,00082451244816184
5,06;0,00082451244816184
5,062;-0,00477123260498047
5,064;0,00082451244816184
5,066;-0,0103669776581228
5,068;-0,0215584677644074
5,07;-0,032749957870692
5,072;-0,0439414479769766
5,074;-0,0607286831364036
5,076;-0,0831116633489728
5,078;-0,116686133667827
5,08;-0,150260603986681
5,082;-0,189430819358677
5,084;-0,228601034730673
5,086;-0,278962740208954
5,088;-0,31813295558095
5,09;-0,357303170952946
5,092;-0,3908776412718
5,094;-0,413260621484369
5,096;-0,418856366537511
5,098;-0,413260621484369
5,1;-0,385281896218657
5,102;-0,329324445687234
5,104;-0,278962740208954
5,106;-0,200622309464961
5,108;-0,116686133667827
5,11;-0,0215584677644074
5,112;0,0679734530858696
5,114;0,146313883829862
5,116;0,230250059626997
5,118;0,28620751015842
5,12;0,330973470583558
5,122;0,35895219584927
5,124;0,370143685955554
5,126;0,375739431008697
5,128;0,353356450796127
5,13;0,3365692156367
5,132;0,302994745317847
5,134;0,269420274998993
5,136;0,235845804680139
5,138;0,207867079414427
5,14;0,168696864042431
5,142;0,14071813877672
5,144;0,11833515856415
5,146;0,0903564332984388
5,148;0,0735691981390119
5,15;0,0623777080327272
5,152;0,0455904728733003
5,154;0,039994727820158
5,156;0,0288032377138734
5,158;0,0232074926607311
5,16;0,0176117476075888
5,162;0,0120160025544465
5,164;0,00642025750130415
5,166;0,00642025750130415
5,168;0,00642025750130415
5,17;0,00642025750130415
5,172;0,00642025750130415
5,174;0,00642025750130415
5,176;0,0176117476075888
5,178;0,0232074926607311
5,18;0,0343989827670157
5,182;0,0455904728733003
5,184;0,0679734530858696
5,186;0,0847606882452965
5,188;0,112739413511008
5,19;0,14071813877672
5,192;0,168696864042431
5,194;0,202271334361285
5,196;0,247037294786423
5,198;0,280611765105277
5,2;0,319781980477273
5,202;0,353356450796127
5,204;0,381335176061839
5,206;0,392526666168123
5,208;0,398122411221266
5,21;0,386930921114981
5,212;0,35895219584927
5,214;0,314186235424131
5,216;0,252633039839566
5,218;0,179888354148716
5,22;0,101547923404723
5,222;0,0120160025544465
5,224;-0,0663244281895459
5,226;-0,150260603986681
5,228;-0,217409544624388
5,23;-0,278962740208954
5,232;-0,31813295558095
5,234;-0,346111680846661
5,236;-0,362898916006088
5,238;-0,362898916006088
5,24;-0,351707425899804
5,242;-0,329324445687234
5,244;-0,301345720421523
5,246;-0,267771250102669
5,248;-0,234196779783815
5,25;-0,206218054518104
5,252;-0,178239329252392
5,254;-0,150260603986681
5,256;-0,116686133667827
5,258;-0,105494643561542
5,26;-0,0775159182958305
5,262;-0,0663244281895459
5,264;-0,0495371930301189
5,266;-0,0383457029238343
5,268;-0,0271542128175497
5,27;-0,0215584677644074
5,272;-0,0159627227112651
5,274;-0,0103669776581228
5,276;-0,0103669776581228
5,278;-0,00477123260498047
5,28;-0,00477123260498047
5,282;-0,0103669776581228
5,284;-0,0103669776581228
5,286;-0,0215584677644074
5,288;-0,0215584677644074
5,29;-0,032749957870692
5,292;-0,0439414479769766
5,294;-0,0551329380832613
5,296;-0,0719201732426882
5,298;-0,0831116633489728
5,3;-0,111090388614684
5,302;-0,133473368827254
5,304;-0,167047839146107
5,306;-0,195026564411819
5,308;-0,239792524836957
5,31;-0,273366995155811
5,312;-0,312537210527807
5,314;-0,357303170952946
5,316;-0,385281896218657
5,318;-0,407664876431227
5,32;-0,413260621484369
5,322;-0,413260621484369
5,324;-0,379686151165515
5,326;-0,346111680846661
5,328;-0,284558485262096
5,33;-0,211813799571246
5,332;-0,133473368827254
5,334;-0,0383457029238343
5,336;0,0511862179264426
5,338;0,135122393723577
5,34;0,21346282446757
5,342;0,275016020052135
5,344;0,3365692156367
5,346;0,370143685955554
5,348;0,386930921114981
5,35;0,392526666168123
5,352;0,381335176061839
5,354;0,364547940902412
5,356;0,3365692156367
5,358;0,297399000264704
5,36;0,26382452994585
5,362;0,230250059626997
5,364;0,196675589308143
5,366;0,168696864042431
5,368;0,14071813877672
5,37;0,112739413511008
5,372;0,0959521783515811
5,374;0,0735691981390119
5,376;0,0623777080327272
5,378;0,0455904728733003
5,38;0,039994727820158
5,382;0,0288032377138734
5,384;0,0232074926607311
5,386;0,0176117476075888
5,388;0,0120160025544465
5,39;0,0120160025544465
5,392;0,00642025750130415
5,394;0,0120160025544465
5,396;0,0120160025544465
5,398;0,0176117476075888
5,4;0,0232074926607311
5,402;0,0232074926607311
5,404;0,0343989827670157
5,406;0,0455904728733003
5,408;0,0567819629795849
5,41;0,0679734530858696
5,412;0,0903564332984388
5,414;0,112739413511008
5,416;0,14071813877672
5,418;0,174292609095573
5,42;0,207867079414427
5,422;0,247037294786423
5,424;0,28620751015842
5,426;0,325377725530416
5,428;0,364547940902412
5,43;0,392526666168123
5,432;0,414909646380693
5,434;0,420505391433835
5,436;0,414909646380693
5,438;0,381335176061839
5,44;0,3365692156367
5,442;0,269420274998993
5,444;0,196675589308143
5,446;0,112739413511008
5,448;0,0232074926607311
5,45;-0,0719201732426882
5,452;-0,155856349039823
5,454;-0,234196779783815
5,456;-0,295749975368381
5,458;-0,346111680846661
5,46;-0,379686151165515
5,462;-0,396473386324942
5,464;-0,396473386324942
5,466;-0,385281896218657
5,468;-0,362898916006088
5,47;-0,334920190740377
5,472;-0,301345720421523
5,474;-0,267771250102669
5,476;-0,234196779783815
5,478;-0,195026564411819
5,48;-0,17264358419925
5,482;-0,139069113880396
5,484;-0,116686133667827
5,486;-0,0943031534552574
5,488;-0,0719201732426882
5,49;-0,0607286831364036
5,492;-0,0439414479769766
5,494;-0,032749957870692
5,496;-0,0215584677644074
5,498;-0,0215584677644074
5,5;-0,0103669776581228
5,502;-0,00477123260498047
5,504;-0,00477123260498047
5,506;0,00082451244816184
5,508;-0,00477123260498047
5,51;-0,00477123260498047
5,512;-0,0103669776581228
5,514;-0,0103669776581228
5,516;-0,0215584677644074
5,518;-0,0271542128175497
5,52;-0,032749957870692
5,522;-0,0495371930301189
5,524;-0,0607286831364036
5,526;-0,0831116633489728
5,528;-0,0998988985083997
5,53;-0,127877623774111
5,532;-0,155856349039823
5,534;-0,189430819358677
5,536;-0,228601034730673
5,538;-0,262175505049527
5,54;-0,295749975368381
5,542;-0,329324445687234
5,544;-0,357303170952946
5,546;-0,379686151165515
5,548;-0,385281896218657
5,55;-0,385281896218657
5,552;-0,357303170952946
5,554;-0,323728700634092
5,556;-0,267771250102669
5,558;-0,206218054518104
5,56;-0,133473368827254
5,562;-0,0495371930301189
5,564;0,0288032377138734
5,566;0,11833515856415
5,568;0,191079844255
5,57;0,252633039839566
5,572;0,302994745317847
5,574;0,3365692156367
5,576;0,364547940902412
5,578;0,375739431008697
5,58;0,370143685955554
5,582;0,353356450796127
5,584;0,330973470583558
5,586;0,302994745317847
5,588;0,269420274998993
5,59;0,235845804680139
5,592;0,202271334361285
5,594;0,179888354148716
5,596;0,14071813877672
5,598;0,11833515856415
5,6;0,0959521783515811
5,602;0,0735691981390119
5,604;0,0623777080327272
5,606;0,0455904728733003
5,608;0,039994727820158
5,61;0,0232074926607311
5,612;0,0232074926607311
5,614;0,0176117476075888
5,616;0,0120160025544465
5,618;0,0120160025544465
5,62;0,00642025750130415
5,622;0,00642025750130415
5,624;0,0120160025544465
5,626;0,0120160025544465
5,628;0,0176117476075888
5,63;0,0232074926607311
5,632;0,0288032377138734
5,634;0,0343989827670157
5,636;0,0511862179264426
5,638;0,0567819629795849
5,64;0,0735691981390119
5,642;0,0959521783515811
5,644;0,11833515856415
5,646;0,14071813877672
5,648;0,174292609095573
5,65;0,207867079414427
5,652;0,241441549733281
5,654;0,280611765105277
5,656;0,314186235424131
5,658;0,342164960689843
5,66;0,370143685955554
5,662;0,381335176061839
5,664;0,386930921114981
5,666;0,370143685955554
5,668;0,347760705742985
5,67;0,297399000264704
5,672;0,241441549733281
5,674;0,168696864042431
5,676;0,0847606882452965
5,678;0,00642025750130415
5,68;-0,0831116633489728
5,682;-0,161452094092965
5,684;-0,234196779783815
5,686;-0,301345720421523
5,688;-0,340515935793519
5,69;-0,379686151165515
5,692;-0,396473386324942
5,694;-0,3908776412718
5,696;-0,379686151165515
5,698;-0,357303170952946
5,7;-0,329324445687234
5,702;-0,290154230315238
5,704;-0,256579759996384
5,706;-0,217409544624388
5,708;-0,183835074305534
5,71;-0,144664858933538
5,712;-0,116686133667827
5,714;-0,0943031534552574
5,716;-0,0719201732426882
5,718;-0,0495371930301189
5,72;-0,0383457029238343
5,722;-0,032749957870692
5,724;-0,0271542128175497
5,726;-0,0159627227112651
5,728;-0,0159627227112651
5,73;-0,00477123260498047
5,732;-0,00477123260498047
5,734;0,00082451244816184
5,736;0,00082451244816184
5,738;0,00082451244816184
5,74;0,00082451244816184
5,742;0,00642025750130415
5,744;0,0120160025544465
5,746;0,00642025750130415
5,748;0,00082451244816184
5,75;0,0120160025544465
5,752;0,00642025750130415
5,754;0,00642025750130415
5,756;0,00642025750130415
5,758;0,0120160025544465
5,76;0,00642025750130415
5,762;0,00082451244816184
5,764;0,0120160025544465
5,766;0,00642025750130415
5,768;0,00642025750130415
5,77;0,00642025750130415
5,772;0,00642025750130415
5,774;0,00642025750130415
5,776;0,00642025750130415
5,778;0,00642025750130415
5,78;0,00642025750130415
5,782;0,00642025750130415
5,784;0,00642025750130415
5,786;0,00082451244816184
5,788;0,00642025750130415
5,79;0,00642025750130415
5,792;0,00082451244816184
5,794;0,00642025750130415
5,796;0,00642025750130415
5,798;0,00082451244816184
5,8;-0,00477123260498047
5,802;-0,00477123260498047
5,804;-0,0159627227112651
5,806;-0,0215584677644074
5,808;-0,032749957870692
5,81;-0,0495371930301189
5,812;-0,0663244281895459
5,814;-0,0887074084021151
5,816;-0,111090388614684
5,818;-0,150260603986681
5,82;-0,183835074305534
5,822;-0,217409544624388
5,824;-0,262175505049527
5,826;-0,301345720421523
5,828;-0,329324445687234
5,83;-0,362898916006088
5,832;-0,379686151165515
5,834;-0,396473386324942
5,836;-0,3908776412718
5,838;-0,368494661059231
5,84;-0,334920190740377
5,842;-0,290154230315238
5,844;-0,228601034730673
5,846;-0,150260603986681
5,848;-0,0775159182958305
5,85;0,00642025750130415
5,852;0,0847606882452965
5,854;0,157505373936146
5,856;0,224654314573854
5,858;0,275016020052135
5,86;0,308590490370989
5,862;0,3365692156367
5,864;0,347760705742985
5,866;0,353356450796127
5,868;0,342164960689843
5,87;0,319781980477273
5,872;0,291803255211562
5,874;0,269420274998993
5,876;0,230250059626997
5,878;0,202271334361285
5,88;0,174292609095573
5,882;0,146313883829862
5,884;0,123930903617293
5,886;0,101547923404723
5,888;0,0847606882452965
5,89;0,0735691981390119
5,892;0,0567819629795849
5,894;0,0455904728733003
5,896;0,0343989827670157
5,898;0,0288032377138734
5,9;0,0176117476075888
5,902;0,0120160025544465
5,904;0,0120160025544465
5,906;0,00642025750130415
5,908;0,00642025750130415
5,91;0,00082451244816184
5,912;0,00082451244816184
5,914;0,00082451244816184
5,916;0,00082451244816184
5,918;0,00642025750130415
5,92;0,0120160025544465
5,922;0,0288032377138734
5,924;0,0343989827670157
5,926;0,0511862179264426
5,928;0,0679734530858696
5,93;0,0903564332984388
5,932;0,112739413511008
5,934;0,14071813877672
5,936;0,168696864042431
5,938;0,207867079414427
5,94;0,241441549733281
5,942;0,275016020052135
5,944;0,308590490370989
5,946;0,342164960689843
5,948;0,364547940902412
5,95;0,381335176061839
5,952;0,386930921114981
5,954;0,375739431008697
5,956;0,35895219584927
5,958;0,314186235424131
5,96;0,269420274998993
5,962;0,202271334361285
5,964;0,135122393723577
5,966;0,0567819629795849
5,968;-0,0215584677644074
5,97;-0,0998988985083997
5,972;-0,167047839146107
5,974;-0,228601034730673
5,976;-0,273366995155811
5,978;-0,312537210527807
5,98;-0,329324445687234
5,982;-0,346111680846661
5,984;-0,346111680846661
5,986;-0,329324445687234
5,988;-0,312537210527807
5,99;-0,290154230315238
5,992;-0,267771250102669
5,994;-0,228601034730673
5,996;-0,200622309464961
5,998;-0,17264358419925
6;-0,150260603986681
6,002;-0,127877623774111
6,004;-0,105494643561542
6,006;-0,0831116633489728
6,008;-0,0719201732426882
6,01;-0,0551329380832613
6,012;-0,0495371930301189
6,014;-0,032749957870692
6,016;-0,032749957870692
6,018;-0,0215584677644074
6,02;-0,0159627227112651
6,022;-0,0103669776581228
6,024;-0,0103669776581228
6,026;-0,0103669776581228
6,028;-0,00477123260498047
6,03;-0,00477123260498047
6,032;-0,0103669776581228
6,034;-0,0159627227112651
6,036;-0,0215584677644074
6,038;-0,0215584677644074
6,04;-0,032749957870692
6,042;-0,0383457029238343
6,044;-0,0495371930301189
6,046;-0,0663244281895459
6,048;-0,0831116633489728
6,05;-0,111090388614684
6,052;-0,133473368827254
6,054;-0,155856349039823
6,056;-0,189430819358677
6,058;-0,223005289677531
6,06;-0,262175505049527
6,062;-0,295749975368381
6,064;-0,334920190740377
6,066;-0,362898916006088
6,068;-0,385281896218657
6,07;-0,396473386324942
6,072;-0,396473386324942
6,074;-0,374090406112373
6,076;-0,340515935793519
6,078;-0,295749975368381
6,08;-0,239792524836957
6,082;-0,161452094092965
6,084;-0,0831116633489728
6,086;-0,0103669776581228
6,088;0,0735691981390119
6,09;0,151909628883004
6,092;0,224654314573854
6,094;0,275016020052135
6,096;0,319781980477273
6,098;0,347760705742985
6,1;0,364547940902412
6,102;0,375739431008697
6,104;0,364547940902412
6,106;0,353356450796127
6,108;0,319781980477273
6,11;0,297399000264704
6,112;0,26382452994585
6,114;0,224654314573854
6,116;0,191079844255
6,118;0,168696864042431
6,12;0,146313883829862
6,122;0,11833515856415
6,124;0,0959521783515811
6,126;0,0847606882452965
6,128;0,0679734530858696
6,13;0,0567819629795849
6,132;0,0455904728733003
6,134;0,0288032377138734
6,136;0,0288032377138734
6,138;0,0232074926607311
6,14;0,0176117476075888
6,142;0,0120160025544465
6,144;0,0176117476075888
6,146;0,0120160025544465
6,148;0,00642025750130415
6,15;0,0120160025544465
6,152;0,0176117476075888
6,154;0,0176117476075888
6,156;0,0232074926607311
6,158;0,0288032377138734
6,16;0,039994727820158
6,162;0,0455904728733003
6,164;0,0567819629795849
6,166;0,0735691981390119
6,168;0,0903564332984388
6,17;0,112739413511008
6,172;0,135122393723577
6,174;0,163101118989289
6,176;0,191079844255
6,178;0,230250059626997
6,18;0,26382452994585
6,182;0,302994745317847
6,184;0,3365692156367
6,186;0,364547940902412
6,188;0,386930921114981
6,19;0,392526666168123
6,192;0,392526666168123
6,194;0,375739431008697
6,196;0,342164960689843
6,198;0,297399000264704
6,2;0,235845804680139
6,202;0,163101118989289
6,204;0,0847606882452965
6,206;0,00082451244816184
6,208;-0,0719201732426882
6,21;-0,150260603986681
6,212;-0,217409544624388
6,214;-0,284558485262096
6,216;-0,329324445687234
6,218;-0,357303170952946
6,22;-0,374090406112373
6,222;-0,379686151165515
6,224;-0,374090406112373
6,226;-0,357303170952946
6,228;-0,329324445687234
6,23;-0,301345720421523
6,232;-0,273366995155811
6,234;-0,239792524836957
6,236;-0,206218054518104
6,238;-0,178239329252392
6,24;-0,150260603986681
6,242;-0,122281878720969
6,244;-0,105494643561542
6,246;-0,0831116633489728
6,248;-0,0663244281895459
6,25;-0,0495371930301189
6,252;-0,0383457029238343
6,254;-0,032749957870692
6,256;-0,0159627227112651
6,258;-0,0159627227112651
6,26;-0,0103669776581228
6,262;-0,00477123260498047
6,264;-0,00477123260498047
6,266;0,00082451244816184
6,268;-0,00477123260498047
6,27;0,00082451244816184
6,272;-0,0103669776581228
6,274;-0,0159627227112651
6,276;-0,0159627227112651
6,278;-0,0215584677644074
6,28;-0,0271542128175497
6,282;-0,0383457029238343
6,284;-0,0495371930301189
6,286;-0,0607286831364036
6,288;-0,0831116633489728
6,29;-0,0943031534552574
6,292;-0,122281878720969
6,294;-0,144664858933538
6,296;-0,17264358419925
6,298;-0,206218054518104
6,3;-0,234196779783815
6,302;-0,267771250102669
6,304;-0,295749975368381
6,306;-0,329324445687234
6,308;-0,351707425899804
6,31;-0,362898916006088
6,312;-0,368494661059231
6,314;-0,357303170952946
6,316;-0,329324445687234
6,318;-0,295749975368381
6,32;-0,2453882698901
6,322;-0,183835074305534
6,324;-0,116686133667827
6,326;-0,0495371930301189
6,328;0,0288032377138734
6,33;0,101547923404723
6,332;0,168696864042431
6,334;0,230250059626997
6,336;0,280611765105277
6,338;0,314186235424131
6,34;0,342164960689843
6,342;0,353356450796127
6,344;0,35895219584927
6,346;0,347760705742985
6,348;0,330973470583558
6,35;0,308590490370989
6,352;0,280611765105277
6,354;0,247037294786423
6,356;0,219058569520712
6,358;0,185484099201858
6,36;0,163101118989289
6,362;0,135122393723577
6,364;0,112739413511008
6,366;0,0959521783515811
6,368;0,0735691981390119
6,37;0,0623777080327272
6,372;0,0455904728733003
6,374;0,0288032377138734
6,376;0,0288032377138734
6,378;0,0176117476075888
6,38;0,0176117476075888
6,382;0,00642025750130415
6,384;0,00642025750130415
6,386;0,00642025750130415
6,388;0,00642025750130415
6,39;0,00642025750130415
6,392;0,00642025750130415
6,394;0,0120160025544465
6,396;0,0176117476075888
6,398;0,0232074926607311
6,4;0,0288032377138734
6,402;0,039994727820158
6,404;0,0511862179264426
6,406;0,0567819629795849
6,408;0,0735691981390119
6,41;0,0903564332984388
6,412;0,112739413511008
6,414;0,135122393723577
6,416;0,157505373936146
6,418;0,185484099201858
6,42;0,21346282446757
6,422;0,252633039839566
6,424;0,275016020052135
6,426;0,308590490370989
6,428;0,3365692156367
6,43;0,347760705742985
6,432;0,35895219584927
6,434;0,35895219584927
6,436;0,347760705742985
6,438;0,314186235424131
6,44;0,275016020052135
6,442;0,224654314573854
6,444;0,163101118989289
6,446;0,0903564332984388
6,448;0,0176117476075888
6,45;-0,0607286831364036
6,452;-0,133473368827254
6,454;-0,200622309464961
6,456;-0,256579759996384
6,458;-0,306941465474665
6,46;-0,334920190740377
6,462;-0,357303170952946
6,464;-0,368494661059231
6,466;-0,362898916006088
6,468;-0,351707425899804
6,47;-0,329324445687234
6,472;-0,301345720421523
6,474;-0,267771250102669
6,476;-0,234196779783815
6,478;-0,200622309464961
6,48;-0,17264358419925
6,482;-0,144664858933538
6,484;-0,116686133667827
6,486;-0,0943031534552574
6,488;-0,0719201732426882
6,49;-0,0607286831364036
6,492;-0,0439414479769766
6,494;-0,032749957870692
6,496;-0,0271542128175497
6,498;-0,0159627227112651
6,5;-0,0159627227112651
6,502;-0,00477123260498047
6,504;0,00082451244816184
6,506;0,00082451244816184
6,508;0,00082451244816184
6,51;0,00082451244816184
6,512;0,00642025750130415
6,514;0,00642025750130415
6,516;0,00642025750130415
6,518;0,00642025750130415
6,52;0,00642025750130415
6,522;0,0120160025544465
6,524;0,00082451244816184
6,526;0,00642025750130415
6,528;0,00642025750130415
6,53;0,00642025750130415
6,532;0,00642025750130415
6,534;0,00642025750130415
6,536;0,00642025750130415
6,538;0,00642025750130415
6,54;0,00642025750130415
6,542;0,00642025750130415
6,544;0,00082451244816184
6,546;0,00642025750130415
6,548;0,00082451244816184
6,55;0,00642025750130415
6,552;0,00082451244816184
6,554;0,00642025750130415
6,556;0,00642025750130415
6,558;0,00642025750130415
6,56;0,00642025750130415
6,562;0,00082451244816184
6,564;0,00642025750130415
6,566;0,00642025750130415
6,568;0,00082451244816184
6,57;0,00642025750130415
6,572;0,00642025750130415
6,574;0,00082451244816184
6,576;0,00082451244816184
6,578;-0,00477123260498047
6,58;-0,00477123260498047
6,582;-0,0159627227112651
6,584;-0,0215584677644074
6,586;-0,0383457029238343
6,588;-0,0439414479769766
6,59;-0,0663244281895459
6,592;-0,0887074084021151
6,594;-0,111090388614684
6,596;-0,139069113880396
6,598;-0,167047839146107
6,6;-0,206218054518104
6,602;-0,234196779783815
6,604;-0,273366995155811
6,606;-0,301345720421523
6,608;-0,329324445687234
6,61;-0,351707425899804
6,612;-0,368494661059231
6,614;-0,379686151165515
6,616;-0,362898916006088
6,618;-0,346111680846661
6,62;-0,312537210527807
6,622;-0,262175505049527
6,624;-0,200622309464961
6,626;-0,139069113880396
6,628;-0,0719201732426882
6,63;0,00082451244816184
6,632;0,0735691981390119
6,634;0,14071813877672
6,636;0,202271334361285
6,638;0,247037294786423
6,64;0,28620751015842
6,642;0,314186235424131
6,644;0,330973470583558
6,646;0,330973470583558
6,648;0,325377725530416
6,65;0,314186235424131
6,652;0,297399000264704
6,654;0,269420274998993
6,656;0,241441549733281
6,658;0,219058569520712
6,66;0,185484099201858
6,662;0,157505373936146
6,664;0,14071813877672
6,666;0,11833515856415
6,668;0,101547923404723
6,67;0,0847606882452965
6,672;0,0679734530858696
6,674;0,0567819629795849
6,676;0,039994727820158
6,678;0,039994727820158
6,68;0,0288032377138734
6,682;0,0176117476075888
6,684;0,0176117476075888
6,686;0,00642025750130415
6,688;0,00642025750130415
6,69;0,00082451244816184
6,692;0,00642025750130415
6,694;0,00082451244816184
6,696;0,00082451244816184
6,698;0,00082451244816184
6,7;0,00082451244816184
6,702;0,00642025750130415
6,704;0,0120160025544465
6,706;0,0232074926607311
6,708;0,0343989827670157
6,71;0,0455904728733003
6,712;0,0623777080327272
6,714;0,0735691981390119
6,716;0,101547923404723
6,718;0,123930903617293
6,72;0,146313883829862
6,722;0,174292609095573
6,724;0,202271334361285
6,726;0,235845804680139
6,728;0,269420274998993
6,73;0,297399000264704
6,732;0,325377725530416
6,734;0,342164960689843
6,736;0,35895219584927
6,738;0,35895219584927
6,74;0,35895219584927
6,742;0,330973470583558
6,744;0,302994745317847
6,746;0,258228784892708
6,748;0,207867079414427
6,75;0,14071813877672
6,752;0,0791649431921542
6,754;0,0120160025544465
6,756;-0,0607286831364036
6,758;-0,116686133667827
6,76;-0,178239329252392
6,762;-0,228601034730673
6,764;-0,267771250102669
6,766;-0,301345720421523
6,768;-0,31813295558095
6,77;-0,329324445687234
6,772;-0,31813295558095
6,774;-0,312537210527807
6,776;-0,301345720421523
6,778;-0,273366995155811
6,78;-0,250984014943242
6,782;-0,223005289677531
6,784;-0,200622309464961
6,786;-0,17264358419925
6,788;-0,150260603986681
6,79;-0,127877623774111
6,792;-0,105494643561542
6,794;-0,0887074084021151
6,796;-0,0719201732426882
6,798;-0,0607286831364036
6,8;-0,0495371930301189
6,802;-0,0439414479769766
6,804;-0,032749957870692
6,806;-0,0271542128175497
6,808;-0,0215584677644074
6,81;-0,0159627227112651
6,812;-0,0159627227112651
6,814;-0,0103669776581228
6,816;-0,0103669776581228
6,818;-0,0159627227112651
6,82;-0,00477123260498047
6,822;-0,0103669776581228
6,824;-0,0103669776581228
6,826;-0,0159627227112651
6,828;-0,0215584677644074
6,83;-0,0271542128175497
6,832;-0,0383457029238343
6,834;-0,0439414479769766
6,836;-0,0607286831364036
6,838;-0,0663244281895459
6,84;-0,0831116633489728
6,842;-0,105494643561542
6,844;-0,127877623774111
6,846;-0,150260603986681
6,848;-0,178239329252392
6,85;-0,211813799571246
6,852;-0,239792524836957
6,854;-0,273366995155811
6,856;-0,301345720421523
6,858;-0,329324445687234
6,86;-0,351707425899804
6,862;-0,368494661059231
6,864;-0,374090406112373
6,866;-0,368494661059231
6,868;-0,346111680846661
6,87;-0,312537210527807
6,872;-0,267771250102669
6,874;-0,211813799571246
6,876;-0,144664858933538
6,878;-0,0775159182958305
6,88;0,00082451244816184
6,882;0,0623777080327272
6,884;0,135122393723577
6,886;0,196675589308143
6,888;0,252633039839566
6,89;0,291803255211562
6,892;0,325377725530416
6,894;0,342164960689843
6,896;0,353356450796127
6,898;0,347760705742985
6,9;0,330973470583558
6,902;0,319781980477273
6,904;0,297399000264704
6,906;0,26382452994585
6,908;0,241441549733281
6,91;0,207867079414427
6,912;0,185484099201858
6,914;0,151909628883004
6,916;0,135122393723577
6,918;0,112739413511008
6,92;0,0959521783515811
6,922;0,0791649431921542
6,924;0,0679734530858696
6,926;0,0567819629795849
6,928;0,0455904728733003
6,93;0,0343989827670157
6,932;0,0288032377138734
6,934;0,0232074926607311
6,936;0,0232074926607311
6,938;0,0120160025544465
6,94;0,0176117476075888
6,942;0,0120160025544465
6,944;0,0120160025544465
6,946;0,0120160025544465
6,948;0,0176117476075888
6,95;0,0120160025544465
6,952;0,0176117476075888
6,954;0,0232074926607311
6,956;0,0232074926607311
6,958;0,0343989827670157
6,96;0,039994727820158
6,962;0,0511862179264426
6,964;0,0679734530858696
6,966;0,0791649431921542
6,968;0,0959521783515811
6,97;0,112739413511008
6,972;0,14071813877672
6,974;0,163101118989289
6,976;0,191079844255
6,978;0,224654314573854
6,98;0,258228784892708
6,982;0,291803255211562
6,984;0,319781980477273
6,986;0,347760705742985
6,988;0,364547940902412
6,99;0,375739431008697
6,992;0,375739431008697
6,994;0,35895219584927
6,996;0,330973470583558
6,998;0,297399000264704
7;0,247037294786423
7,002;0,179888354148716
7,004;0,11833515856415
7,006;0,0455904728733003
7,008;-0,0271542128175497
7,01;-0,105494643561542
7,012;-0,167047839146107
7,014;-0,223005289677531
7,016;-0,273366995155811
7,018;-0,312537210527807
7,02;-0,340515935793519
7,022;-0,351707425899804
7,024;-0,357303170952946
7,026;-0,351707425899804
7,028;-0,340515935793519
7,03;-0,312537210527807
7,032;-0,295749975368381
7,034;-0,262175505049527
7,036;-0,234196779783815
7,038;-0,211813799571246
7,04;-0,178239329252392
7,042;-0,155856349039823
7,044;-0,127877623774111
7,046;-0,105494643561542
7,048;-0,0887074084021151
7,05;-0,0719201732426882
7,052;-0,0607286831364036
7,054;-0,0439414479769766
7,056;-0,0383457029238343
7,058;-0,0271542128175497
7,06;-0,0215584677644074
7,062;-0,0159627227112651
7,064;-0,0103669776581228
7,066;-0,0103669776581228
7,068;-0,00477123260498047
7,07;-0,00477123260498047
7,072;-0,00477123260498047
7,074;-0,00477123260498047
7,076;0,00082451244816184
7,078;-0,0103669776581228
7,08;-0,0103669776581228
7,082;-0,0159627227112651
7,084;-0,0215584677644074
7,086;-0,0271542128175497
7,088;-0,0383457029238343
7,09;-0,0495371930301189
7,092;-0,0607286831364036
7,094;-0,0719201732426882
7,096;-0,0887074084021151
7,098;-0,105494643561542
7,1;-0,133473368827254
7,102;-0,155856349039823
7,104;-0,178239329252392
7,106;-0,211813799571246
7,108;-0,234196779783815
7,11;-0,273366995155811
7,112;-0,295749975368381
7,114;-0,31813295558095
7,116;-0,334920190740377
7,118;-0,346111680846661
7,12;-0,346111680846661
7,122;-0,334920190740377
7,124;-0,31813295558095
7,126;-0,278962740208954
7,128;-0,239792524836957
7,13;-0,189430819358677
7,132;-0,122281878720969
7,134;-0,0607286831364036
7,136;0,00642025750130415
7,138;0,0735691981390119
7,14;0,135122393723577
7,142;0,185484099201858
7,144;0,241441549733281
7,146;0,275016020052135
7,148;0,308590490370989
7,15;0,325377725530416
7,152;0,3365692156367
7,154;0,3365692156367
7,156;0,325377725530416
7,158;0,308590490370989
7,16;0,28620751015842
7,162;0,269420274998993
7,164;0,241441549733281
7,166;0,21346282446757
7,168;0,185484099201858
7,17;0,163101118989289
7,172;0,135122393723577
7,174;0,11833515856415
7,176;0,101547923404723
7,178;0,0791649431921542
7,18;0,0679734530858696
7,182;0,0511862179264426
7,184;0,039994727820158
7,186;0,0343989827670157
7,188;0,0232074926607311
7,19;0,0176117476075888
7,192;0,0120160025544465
7,194;0,0120160025544465
7,196;0,00642025750130415
7,198;0,0120160025544465
7,2;0,00642025750130415
7,202;0,0120160025544465
7,204;0,00642025750130415
7,206;0,0120160025544465
7,208;0,0120160025544465
7,21;0,0176117476075888
7,212;0,0232074926607311
7,214;0,0288032377138734
7,216;0,039994727820158
7,218;0,0455904728733003
7,22;0,0623777080327272
7,222;0,0679734530858696
7,224;0,0847606882452965
7,226;0,101547923404723
7,228;0,123930903617293
7,23;0,146313883829862
7,232;0,163101118989289
7,234;0,196675589308143
7,236;0,224654314573854
7,238;0,252633039839566
7,24;0,275016020052135
7,242;0,302994745317847
7,244;0,319781980477273
7,246;0,3365692156367
7,248;0,342164960689843
7,25;0,330973470583558
7,252;0,319781980477273
7,254;0,291803255211562
7,256;0,252633039839566
7,258;0,202271334361285
7,26;0,146313883829862
7,262;0,0903564332984388
7,264;0,0176117476075888
7,266;-0,0439414479769766
7,268;-0,116686133667827
7,27;-0,17264358419925
7,272;-0,228601034730673
7,274;-0,267771250102669
7,276;-0,306941465474665
7,278;-0,329324445687234
7,28;-0,340515935793519
7,282;-0,346111680846661
7,284;-0,334920190740377
7,286;-0,323728700634092
7,288;-0,301345720421523
7,29;-0,284558485262096
7,292;-0,250984014943242
7,294;-0,223005289677531
7,296;-0,189430819358677
7,298;-0,167047839146107
7,3;-0,139069113880396
7,302;-0,111090388614684
7,304;-0,0887074084021151
7,306;-0,0775159182958305
7,308;-0,0551329380832613
7,31;-0,0439414479769766
7,312;-0,032749957870692
7,314;-0,0215584677644074
7,316;-0,0159627227112651
7,318;-0,0103669776581228
7,32;-0,0103669776581228
7,322;-0,00477123260498047
7,324;-0,00477123260498047
7,326;0,00082451244816184
7,328;0,00082451244816184
7,33;0,00082451244816184
7,332;0,00082451244816184
7,334;0,00082451244816184
7,336;0,00082451244816184
7,338;0,00642025750130415
7,34;0,00642025750130415
7,342;0,00082451244816184
7,344;0,00642025750130415
7,346;0,00642025750130415
7,348;0,00082451244816184
7,35;0,00642025750130415
7,352;0,00642025750130415
7,354;0,00642025750130415
7,356;0,00642025750130415
7,358;0,00642025750130415
7,36;0,00082451244816184
7,362;0,00642025750130415
7,364;0,00082451244816184
7,366;0,00642025750130415
7,368;0,00642025750130415
7,37;0,00642025750130415
7,372;0,00642025750130415
7,374;0,00642025750130415
7,376;0,00642025750130415
7,378;0,00642025750130415
7,38;0,0120160025544465
7,382;0,00642025750130415
7,384;0,00642025750130415
7,386;0,00642025750130415
7,388;0,00642025750130415
7,39;0,00642025750130415
7,392;0,00642025750130415
7,394;0,00082451244816184
7,396;0,00082451244816184
7,398;0,00082451244816184
7,4;-0,00477123260498047
7,402;0,00082451244816184
7,404;-0,0103669776581228
7,406;-0,0103669776581228
7,408;-0,0215584677644074
7,41;-0,0271542128175497
7,412;-0,0383457029238343
7,414;-0,0495371930301189
7,416;-0,0607286831364036
7,418;-0,0887074084021151
7,42;-0,111090388614684
7,422;-0,133473368827254
7,424;-0,161452094092965
7,426;-0,189430819358677
7,428;-0,223005289677531
7,43;-0,250984014943242
7,432;-0,284558485262096
7,434;-0,312537210527807
7,436;-0,329324445687234
7,438;-0,340515935793519
7,44;-0,351707425899804
7,442;-0,346111680846661
7,444;-0,334920190740377
7,446;-0,306941465474665
7,448;-0,267771250102669
7,45;-0,228601034730673
7,452;-0,17264358419925
7,454;-0,111090388614684
7,456;-0,0495371930301189
7,458;0,0120160025544465
7,46;0,0735691981390119
7,462;0,135122393723577
7,464;0,191079844255
7,466;0,230250059626997
7,468;0,269420274998993
7,47;0,291803255211562
7,472;0,308590490370989
7,474;0,308590490370989
7,476;0,308590490370989
7,478;0,302994745317847
7,48;0,28620751015842
7,482;0,269420274998993
7,484;0,241441549733281
7,486;0,224654314573854
7,488;0,191079844255
7,49;0,168696864042431
7,492;0,151909628883004
7,494;0,129526648670435
7,496;0,107143668457866
7,498;0,0903564332984388
7,5;0,0791649431921542
7,502;0,0623777080327272
7,504;0,0511862179264426
7,506;0,039994727820158
7,508;0,0343989827670157
7,51;0,0232074926607311
7,512;0,0232074926607311
7,514;0,0176117476075888
7,516;0,0120160025544465
7,518;0,00642025750130415
7,52;0,00082451244816184
7,522;0,00642025750130415
7,524;0,00082451244816184
7,526;0,00082451244816184
7,528;0,00082451244816184
7,53;0,00082451244816184
7,532;0,00082451244816184
7,534;0,00642025750130415
7,536;0,0120160025544465
7,538;0,0232074926607311
7,54;0,0232074926607311
7,542;0,0343989827670157
7,544;0,0511862179264426
7,546;0,0623777080327272
7,548;0,0791649431921542
7,55;0,0959521783515811
7,552;0,123930903617293
7,554;0,14071813877672
7,556;0,174292609095573
7,558;0,191079844255
7,56;0,224654314573854
7,562;0,252633039839566
7,564;0,280611765105277
7,566;0,297399000264704
7,568;0,319781980477273
7,57;0,3365692156367
7,572;0,342164960689843
7,574;0,342164960689843
7,576;0,319781980477273
7,578;0,308590490370989
7,58;0,269420274998993
7,582;0,230250059626997
7,584;0,174292609095573
7,586;0,123930903617293
7,588;0,0623777080327272
7,59;0,00642025750130415
7,592;-0,0551329380832613
7,594;-0,111090388614684
7,596;-0,167047839146107
7,598;-0,206218054518104
7,6;-0,2453882698901
7,602;-0,273366995155811
7,604;-0,290154230315238
7,606;-0,301345720421523
7,608;-0,301345720421523
7,61;-0,301345720421523
7,612;-0,290154230315238
7,614;-0,273366995155811
7,616;-0,250984014943242
7,618;-0,234196779783815
7,62;-0,206218054518104
7,622;-0,178239329252392
7,624;-0,161452094092965
7,626;-0,133473368827254
7,628;-0,122281878720969
7,63;-0,105494643561542
7,632;-0,0943031534552574
7,634;-0,0775159182958305
7,636;-0,0607286831364036
7,638;-0,0495371930301189
7,64;-0,0439414479769766
7,642;-0,0383457029238343
7,644;-0,0215584677644074
7,646;-0,0215584677644074
7,648;-0,0159627227112651
7,65;-0,0159627227112651
7,652;-0,0103669776581228
7,654;-0,0103669776581228
7,656;-0,00477123260498047
7,658;-0,00477123260498047
7,66;-0,00477123260498047
7,662;-0,00477123260498047
7,664;-0,0103669776581228
7,666;-0,0103669776581228
7,668;-0,0159627227112651
7,67;-0,0159627227112651
7,672;-0,0271542128175497
7,674;-0,032749957870692
7,676;-0,0495371930301189
7,678;-0,0551329380832613
7,68;-0,0663244281895459
7,682;-0,0775159182958305
7,684;-0,0998988985083997
7,686;-0,122281878720969
7,688;-0,144664858933538
7,69;-0,167047839146107
7,692;-0,195026564411819
7,694;-0,223005289677531
7,696;-0,250984014943242
7,698;-0,278962740208954
7,7;-0,301345720421523
7,702;-0,329324445687234
7,704;-0,340515935793519
7,706;-0,351707425899804
7,708;-0,351707425899804
7,71;-0,334920190740377
7,712;-0,312537210527807
7,714;-0,278962740208954
7,716;-0,239792524836957
7,718;-0,189430819358677
7,72;-0,133473368827254
7,722;-0,0663244281895459
7,724;-0,0103669776581228
7,726;0,0567819629795849
7,728;0,112739413511008
7,73;0,174292609095573
7,732;0,219058569520712
7,734;0,258228784892708
7,736;0,291803255211562
7,738;0,314186235424131
7,74;0,325377725530416
7,742;0,325377725530416
7,744;0,319781980477273
7,746;0,308590490370989
7,748;0,297399000264704
7,75;0,269420274998993
7,752;0,247037294786423
7,754;0,219058569520712
7,756;0,202271334361285
7,758;0,174292609095573
7,76;0,151909628883004
7,762;0,129526648670435
7,764;0,107143668457866
7,766;0,0959521783515811
7,768;0,0791649431921542
7,77;0,0735691981390119
7,772;0,0567819629795849
7,774;0,0511862179264426
7,776;0,0343989827670157
7,778;0,0343989827670157
7,78;0,0288032377138734
7,782;0,0232074926607311
7,784;0,0176117476075888
7,786;0,0120160025544465
7,788;0,0120160025544465
7,79;0,0120160025544465
7,792;0,0120160025544465
7,794;0,00642025750130415
7,796;0,0120160025544465
7,798;0,0120160025544465
7,8;0,0176117476075888
7,802;0,0176117476075888
7,804;0,0232074926607311
7,806;0,0232074926607311
7,808;0,0343989827670157
7,81;0,039994727820158
7,812;0,0511862179264426
7,814;0,0623777080327272
7,816;0,0735691981390119
7,818;0,0903564332984388
7,82;0,101547923404723
7,822;0,123930903617293
7,824;0,146313883829862
7,826;0,179888354148716
7,828;0,202271334361285
7,83;0,230250059626997
7,832;0,252633039839566
7,834;0,28620751015842
7,836;0,308590490370989
7,838;0,330973470583558
7,84;0,342164960689843
7,842;0,347760705742985
7,844;0,347760705742985
7,846;0,330973470583558
7,848;0,314186235424131
7,85;0,275016020052135
7,852;0,241441549733281
7,854;0,185484099201858
7,856;0,123930903617293
7,858;0,0623777080327272
7,86;0,00082451244816184
7,862;-0,0663244281895459
7,864;-0,127877623774111
7,866;-0,178239329252392
7,868;-0,228601034730673
7,87;-0,262175505049527
7,872;-0,301345720421523
7,874;-0,31813295558095
7,876;-0,329324445687234
7,878;-0,334920190740377
7,88;-0,329324445687234
7,882;-0,312537210527807
7,884;-0,301345720421523
7,886;-0,273366995155811
7,888;-0,250984014943242
7,89;-0,223005289677531
7,892;-0,200622309464961
7,894;-0,178239329252392
7,896;-0,155856349039823
7,898;-0,133473368827254
7,9;-0,116686133667827
7,902;-0,0943031534552574
7,904;-0,0831116633489728
7,906;-0,0719201732426882
7,908;-0,0551329380832613
7,91;-0,0495371930301189
7,912;-0,0383457029238343
7,914;-0,032749957870692
7,916;-0,0271542128175497
7,918;-0,0159627227112651
7,92;-0,0159627227112651
7,922;-0,0103669776581228
7,924;-0,0103669776581228
7,926;-0,00477123260498047
7,928;-0,0103669776581228
7,93;0,00082451244816184
7,932;-0,00477123260498047
7,934;0,00082451244816184
7,936;-0,0103669776581228
7,938;-0,0103669776581228
7,94;-0,0159627227112651
7,942;-0,0215584677644074
7,944;-0,0215584677644074
7,946;-0,032749957870692
7,948;-0,0383457029238343
7,95;-0,0495371930301189
7,952;-0,0607286831364036
7,954;-0,0719201732426882
7,956;-0,0887074084021151
7,958;-0,105494643561542
7,96;-0,127877623774111
7,962;-0,150260603986681
7,964;-0,17264358419925
7,966;-0,200622309464961
7,968;-0,223005289677531
7,97;-0,256579759996384
7,972;-0,273366995155811
7,974;-0,295749975368381
7,976;-0,312537210527807
7,978;-0,31813295558095
7,98;-0,329324445687234
7,982;-0,312537210527807
7,984;-0,306941465474665
7,986;-0,278962740208954
7,988;-0,2453882698901
7,99;-0,200622309464961
7,992;-0,150260603986681
7,994;-0,0998988985083997
7,996;-0,0383457029238343
7,998;0,0176117476075888
