T,V1
0.0,0.182980939745903
0.002,0.182980939745903
0.004,0.177471034228802
0.006,0.182980939745903
0.008,0.177471034228802
0.01,0.177471034228802
0.012,0.1719611287117
0.014,0.166451223194599
0.016,0.160941317677498
0.018,0.160941317677498
0.02,0.155431412160397
0.022,0.155431412160397
0.024,0.144411601126194
0.026,0.138901695609093
0.028,0.12788188457489
0.03,0.116862073540688
0.032,0.111352168023586
0.034,0.100332356989384
0.036,0.0893125459551811
0.038,0.0838026404380798
0.04,0.0727828294038773
0.042,0.0562531128525734
0.044,0.0507432073354721
0.046,0.0397233963012695
0.048,0.0231936797499657
0.05,0.0121738687157631
0.052,0.00115405768156052
0.054,-0.0153756588697433
0.056,-0.0208855643868446
0.058,-0.0374152809381485
0.06,-0.0539449974894524
0.062,-0.0704747140407562
0.064,-0.0870044305920601
0.066,-0.103534147143364
0.068,-0.120063863694668
0.07,-0.13108367472887
0.072,-0.147613391280174
0.074,-0.164143107831478
0.076,-0.169653013348579
0.078,-0.175162918865681
0.08,-0.180672824382782
0.082,-0.180672824382782
0.084,-0.180672824382782
0.086,-0.186182729899883
0.088,-0.180672824382782
0.09,-0.180672824382782
0.092,-0.175162918865681
0.094,-0.175162918865681
0.096,-0.164143107831478
0.098,-0.158633202314377
0.1,-0.158633202314377
0.102,-0.147613391280174
0.104,-0.147613391280174
0.106,-0.142103485763073
0.108,-0.13108367472887
0.11,-0.125573769211769
0.112,-0.114553958177567
0.114,-0.103534147143364
0.116,-0.0980242416262627
0.118,-0.0870044305920601
0.12,-0.0759846195578575
0.122,-0.0594549030065536
0.124,-0.0539449974894524
0.126,-0.0429251864552498
0.128,-0.0319053754210472
0.13,-0.0208855643868446
0.132,-0.00986575335264206
0.134,0.00115405768156052
0.136,0.0121738687157631
0.138,0.028703585267067
0.14,0.0452333018183708
0.142,0.0507432073354721
0.144,0.0727828294038773
0.146,0.0893125459551811
0.148,0.100332356989384
0.15,0.116862073540688
0.152,0.12788188457489
0.154,0.144411601126194
0.156,0.155431412160397
0.158,0.166451223194599
0.16,0.1719611287117
0.162,0.182980939745903
0.164,0.182980939745903
0.166,0.182980939745903
0.168,0.182980939745903
0.17,0.182980939745903
0.172,0.182980939745903
0.174,0.182980939745903
0.176,0.1719611287117
0.178,0.166451223194599
0.18,0.166451223194599
0.182,0.160941317677498
0.184,0.155431412160397
0.186,0.149921506643295
0.188,0.144411601126194
0.19,0.138901695609093
0.192,0.12788188457489
0.194,0.122371979057789
0.196,0.116862073540688
0.198,0.100332356989384
0.2,0.0948224514722824
0.202,0.0838026404380798
0.204,0.0782927349209785
0.206,0.067272923886776
0.208,0.0507432073354721
0.21,0.0452333018183708
0.212,0.0342134907841682
0.214,0.0231936797499657
0.216,0.0121738687157631
0.218,0.00115405768156052
0.22,-0.0153756588697433
0.222,-0.0263954699039459
0.224,-0.0374152809381485
0.226,-0.0539449974894524
0.228,-0.0649648085236549
0.23,-0.0814945250749588
0.232,-0.0980242416262627
0.234,-0.114553958177567
0.236,-0.125573769211769
0.238,-0.136593580245972
0.24,-0.153123296797276
0.242,-0.158633202314377
0.244,-0.169653013348579
0.246,-0.175162918865681
0.248,-0.175162918865681
0.25,-0.175162918865681
0.252,-0.180672824382782
0.254,-0.175162918865681
0.256,-0.175162918865681
0.258,-0.175162918865681
0.26,-0.169653013348579
0.262,-0.164143107831478
0.264,-0.158633202314377
0.266,-0.153123296797276
0.268,-0.147613391280174
0.27,-0.142103485763073
0.272,-0.13108367472887
0.274,-0.125573769211769
0.276,-0.120063863694668
0.278,-0.114553958177567
0.28,-0.103534147143364
0.282,-0.0980242416262627
0.284,-0.0870044305920601
0.286,-0.0759846195578575
0.288,-0.0649648085236549
0.29,-0.0594549030065536
0.292,-0.0429251864552498
0.294,-0.0374152809381485
0.296,-0.0263954699039459
0.298,-0.0153756588697433
0.3,-0.00435584783554077
0.302,0.0066639631986618
0.304,0.0176837742328644
0.306,0.028703585267067
0.308,0.0397233963012695
0.31,0.0507432073354721
0.312,0.067272923886776
0.314,0.0782927349209785
0.316,0.0948224514722824
0.318,0.105842262506485
0.32,0.111352168023586
0.322,0.12788188457489
0.324,0.12788188457489
0.326,0.133391790091991
0.328,0.138901695609093
0.33,0.138901695609093
0.332,0.133391790091991
0.334,0.133391790091991
0.336,0.122371979057789
0.338,0.111352168023586
0.34,0.105842262506485
0.342,0.0948224514722824
0.344,0.0782927349209785
0.346,0.067272923886776
0.348,0.0617630183696747
0.35,0.0562531128525734
0.352,0.0507432073354721
0.354,0.0452333018183708
0.356,0.0397233963012695
0.358,0.0342134907841682
0.36,0.0397233963012695
0.362,0.0342134907841682
0.364,0.0342134907841682
0.366,0.0342134907841682
0.368,0.0397233963012695
0.37,0.0452333018183708
0.372,0.0452333018183708
0.374,0.0507432073354721
0.376,0.0617630183696747
0.378,0.0617630183696747
0.38,0.0727828294038773
0.382,0.0782927349209785
0.384,0.0838026404380798
0.386,0.0948224514722824
0.388,0.0948224514722824
0.39,0.100332356989384
0.392,0.105842262506485
0.394,0.105842262506485
0.396,0.111352168023586
0.398,0.105842262506485
0.4,0.100332356989384
0.402,0.100332356989384
0.404,0.0948224514722824
0.406,0.0893125459551811
0.408,0.0838026404380798
0.41,0.0782927349209785
0.412,0.0727828294038773
0.414,0.067272923886776
0.416,0.0562531128525734
0.418,0.0507432073354721
0.42,0.0397233963012695
0.422,0.028703585267067
0.424,0.0176837742328644
0.426,0.0066639631986618
0.428,-0.00435584783554077
0.43,-0.0153756588697433
0.432,-0.0263954699039459
0.434,-0.0374152809381485
0.436,-0.0539449974894524
0.438,-0.0649648085236549
0.44,-0.0814945250749588
0.442,-0.0925143361091614
0.444,-0.109044052660465
0.446,-0.125573769211769
0.448,-0.13108367472887
0.45,-0.147613391280174
0.452,-0.153123296797276
0.454,-0.158633202314377
0.456,-0.164143107831478
0.458,-0.164143107831478
0.46,-0.169653013348579
0.462,-0.169653013348579
0.464,-0.164143107831478
0.466,-0.158633202314377
0.468,-0.158633202314377
0.47,-0.158633202314377
0.472,-0.153123296797276
0.474,-0.153123296797276
0.476,-0.147613391280174
0.478,-0.142103485763073
0.48,-0.142103485763073
0.482,-0.136593580245972
0.484,-0.13108367472887
0.486,-0.125573769211769
0.488,-0.114553958177567
0.49,-0.103534147143364
0.492,-0.0980242416262627
0.494,-0.0870044305920601
0.496,-0.0759846195578575
0.498,-0.0649648085236549
0.5,-0.0594549030065536
0.502,-0.0539449974894524
0.504,-0.0429251864552498
0.506,-0.0319053754210472
0.508,-0.0208855643868446
0.51,-0.00986575335264206
0.512,-0.00435584783554077
0.514,0.0066639631986618
0.516,0.028703585267067
0.518,0.0342134907841682
0.52,0.0507432073354721
0.522,0.067272923886776
0.524,0.0838026404380798
0.526,0.0948224514722824
0.528,0.111352168023586
0.53,0.122371979057789
0.532,0.138901695609093
0.534,0.149921506643295
0.536,0.160941317677498
0.538,0.166451223194599
0.54,0.177471034228802
0.542,0.177471034228802
0.544,0.177471034228802
0.546,0.177471034228802
0.548,0.177471034228802
0.55,0.177471034228802
0.552,0.177471034228802
0.554,0.1719611287117
0.556,0.166451223194599
0.558,0.166451223194599
0.56,0.160941317677498
0.562,0.155431412160397
0.564,0.149921506643295
0.566,0.149921506643295
0.568,0.138901695609093
0.57,0.133391790091991
0.572,0.12788188457489
0.574,0.116862073540688
0.576,0.111352168023586
0.578,0.0948224514722824
0.58,0.0893125459551811
0.582,0.0838026404380798
0.584,0.0727828294038773
0.586,0.0617630183696747
0.588,0.0507432073354721
0.59,0.0397233963012695
0.592,0.028703585267067
0.594,0.0176837742328644
0.596,0.0066639631986618
0.598,-0.00986575335264206
0.6,-0.0208855643868446
0.602,-0.0319053754210472
0.604,-0.0484350919723511
0.606,-0.0594549030065536
0.608,-0.0759846195578575
0.61,-0.0870044305920601
0.612,-0.103534147143364
0.614,-0.120063863694668
0.616,-0.13108367472887
0.618,-0.147613391280174
0.62,-0.153123296797276
0.622,-0.164143107831478
0.624,-0.169653013348579
0.626,-0.175162918865681
0.628,-0.175162918865681
0.63,-0.180672824382782
0.632,-0.175162918865681
0.634,-0.175162918865681
0.636,-0.169653013348579
0.638,-0.169653013348579
0.64,-0.169653013348579
0.642,-0.164143107831478
0.644,-0.158633202314377
0.646,-0.153123296797276
0.648,-0.147613391280174
0.65,-0.147613391280174
0.652,-0.136593580245972
0.654,-0.13108367472887
0.656,-0.125573769211769
0.658,-0.120063863694668
0.66,-0.109044052660465
0.662,-0.103534147143364
0.664,-0.0870044305920601
0.666,-0.0814945250749588
0.668,-0.0704747140407562
0.67,-0.0649648085236549
0.672,-0.0539449974894524
0.674,-0.0374152809381485
0.676,-0.0263954699039459
0.678,-0.0153756588697433
0.68,-0.00986575335264206
0.682,0.0066639631986618
0.684,0.0121738687157631
0.686,0.028703585267067
0.688,0.0397233963012695
0.69,0.0562531128525734
0.692,0.0727828294038773
0.694,0.0838026404380798
0.696,0.100332356989384
0.698,0.111352168023586
0.7,0.12788188457489
0.702,0.138901695609093
0.704,0.155431412160397
0.706,0.160941317677498
0.708,0.1719611287117
0.71,0.177471034228802
0.712,0.177471034228802
0.714,0.177471034228802
0.716,0.182980939745903
0.718,0.177471034228802
0.72,0.177471034228802
0.722,0.1719611287117
0.724,0.166451223194599
0.726,0.166451223194599
0.728,0.160941317677498
0.73,0.160941317677498
0.732,0.155431412160397
0.734,0.149921506643295
0.736,0.144411601126194
0.738,0.133391790091991
0.74,0.133391790091991
0.742,0.122371979057789
0.744,0.116862073540688
0.746,0.105842262506485
0.748,0.0948224514722824
0.75,0.0948224514722824
0.752,0.0838026404380798
0.754,0.0727828294038773
0.756,0.0617630183696747
0.758,0.0507432073354721
0.76,0.0452333018183708
0.762,0.0342134907841682
0.764,0.0231936797499657
0.766,0.0176837742328644
0.768,0.0066639631986618
0.77,-0.00986575335264206
0.772,-0.0208855643868446
0.774,-0.0319053754210472
0.776,-0.0429251864552498
0.778,-0.0539449974894524
0.78,-0.0759846195578575
0.782,-0.0870044305920601
0.784,-0.0980242416262627
0.786,-0.114553958177567
0.788,-0.125573769211769
0.79,-0.142103485763073
0.792,-0.147613391280174
0.794,-0.153123296797276
0.796,-0.164143107831478
0.798,-0.169653013348579
0.8,-0.164143107831478
0.802,-0.175162918865681
0.804,-0.169653013348579
0.806,-0.169653013348579
0.808,-0.164143107831478
0.81,-0.158633202314377
0.812,-0.158633202314377
0.814,-0.153123296797276
0.816,-0.153123296797276
0.818,-0.147613391280174
0.82,-0.142103485763073
0.822,-0.136593580245972
0.824,-0.13108367472887
0.826,-0.125573769211769
0.828,-0.114553958177567
0.83,-0.109044052660465
0.832,-0.0980242416262627
0.834,-0.0925143361091614
0.836,-0.0814945250749588
0.838,-0.0759846195578575
0.84,-0.0649648085236549
0.842,-0.0594549030065536
0.844,-0.0484350919723511
0.846,-0.0374152809381485
0.848,-0.0319053754210472
0.85,-0.0208855643868446
0.852,-0.0153756588697433
0.854,0.00115405768156052
0.856,0.0066639631986618
0.858,0.0176837742328644
0.86,0.028703585267067
0.862,0.0397233963012695
0.864,0.0507432073354721
0.866,0.067272923886776
0.868,0.0727828294038773
0.87,0.0838026404380798
0.872,0.0948224514722824
0.874,0.105842262506485
0.876,0.116862073540688
0.878,0.122371979057789
0.88,0.122371979057789
0.882,0.12788188457489
0.884,0.12788188457489
0.886,0.12788188457489
0.888,0.122371979057789
0.89,0.116862073540688
0.892,0.111352168023586
0.894,0.100332356989384
0.896,0.0893125459551811
0.898,0.0893125459551811
0.9,0.0727828294038773
0.902,0.067272923886776
0.904,0.0617630183696747
0.906,0.0507432073354721
0.908,0.0452333018183708
0.91,0.0397233963012695
0.912,0.0397233963012695
0.914,0.0342134907841682
0.916,0.0342134907841682
0.918,0.0342134907841682
0.92,0.0342134907841682
0.922,0.0342134907841682
0.924,0.0397233963012695
0.926,0.0397233963012695
0.928,0.0452333018183708
0.93,0.0507432073354721
0.932,0.0617630183696747
0.934,0.0562531128525734
0.936,0.067272923886776
0.938,0.0727828294038773
0.94,0.0782927349209785
0.942,0.0893125459551811
0.944,0.0893125459551811
0.946,0.0948224514722824
0.948,0.100332356989384
0.95,0.100332356989384
0.952,0.105842262506485
0.954,0.105842262506485
0.956,0.100332356989384
0.958,0.100332356989384
0.96,0.0948224514722824
0.962,0.0893125459551811
0.964,0.0893125459551811
0.966,0.0838026404380798
0.968,0.0727828294038773
0.97,0.067272923886776
0.972,0.0617630183696747
0.974,0.0507432073354721
0.976,0.0452333018183708
0.978,0.0397233963012695
0.98,0.028703585267067
0.982,0.0176837742328644
0.984,0.0066639631986618
0.986,-0.00435584783554077
0.988,-0.0153756588697433
0.99,-0.0263954699039459
0.992,-0.0374152809381485
0.994,-0.0539449974894524
0.996,-0.0649648085236549
0.998,-0.0759846195578575
1.0,-0.0925143361091614
1.002,-0.103534147143364
1.004,-0.114553958177567
1.006,-0.125573769211769
1.008,-0.13108367472887
1.01,-0.142103485763073
1.012,-0.153123296797276
1.014,-0.153123296797276
1.016,-0.158633202314377
1.018,-0.158633202314377
1.02,-0.158633202314377
1.022,-0.158633202314377
1.024,-0.158633202314377
1.026,-0.153123296797276
1.028,-0.153123296797276
1.03,-0.153123296797276
1.032,-0.147613391280174
1.034,-0.147613391280174
1.036,-0.142103485763073
1.038,-0.136593580245972
1.04,-0.13108367472887
1.042,-0.125573769211769
1.044,-0.120063863694668
1.046,-0.114553958177567
1.048,-0.109044052660465
1.05,-0.0980242416262627
1.052,-0.0980242416262627
1.054,-0.0814945250749588
1.056,-0.0759846195578575
1.058,-0.0704747140407562
1.06,-0.0594549030065536
1.062,-0.0484350919723511
1.064,-0.0429251864552498
1.066,-0.0319053754210472
1.068,-0.0208855643868446
1.07,-0.0153756588697433
1.072,0.00115405768156052
1.074,0.0066639631986618
1.076,0.0176837742328644
1.078,0.028703585267067
1.08,0.0452333018183708
1.082,0.0562531128525734
1.084,0.0727828294038773
1.086,0.0838026404380798
1.088,0.100332356989384
1.09,0.111352168023586
1.092,0.122371979057789
1.094,0.133391790091991
1.096,0.144411601126194
1.098,0.149921506643295
1.1,0.160941317677498
1.102,0.166451223194599
1.104,0.166451223194599
1.106,0.177471034228802
1.108,0.166451223194599
1.11,0.1719611287117
1.112,0.166451223194599
1.114,0.166451223194599
1.116,0.166451223194599
1.118,0.160941317677498
1.12,0.155431412160397
1.122,0.155431412160397
1.124,0.149921506643295
1.126,0.149921506643295
1.128,0.138901695609093
1.13,0.138901695609093
1.132,0.133391790091991
1.134,0.12788188457489
1.136,0.116862073540688
1.138,0.111352168023586
1.14,0.100332356989384
1.142,0.0893125459551811
1.144,0.0838026404380798
1.146,0.0727828294038773
1.148,0.067272923886776
1.15,0.0562531128525734
1.152,0.0452333018183708
1.154,0.0342134907841682
1.156,0.028703585267067
1.158,0.0121738687157631
1.16,0.0066639631986618
1.162,-0.00435584783554077
1.164,-0.0208855643868446
1.166,-0.0263954699039459
1.168,-0.0429251864552498
1.17,-0.0539449974894524
1.172,-0.0704747140407562
1.174,-0.0814945250749588
1.176,-0.0980242416262627
1.178,-0.109044052660465
1.18,-0.120063863694668
1.182,-0.136593580245972
1.184,-0.142103485763073
1.186,-0.153123296797276
1.188,-0.158633202314377
1.19,-0.164143107831478
1.192,-0.169653013348579
1.194,-0.164143107831478
1.196,-0.169653013348579
1.198,-0.169653013348579
1.2,-0.169653013348579
1.202,-0.164143107831478
1.204,-0.158633202314377
1.206,-0.158633202314377
1.208,-0.153123296797276
1.21,-0.153123296797276
1.212,-0.147613391280174
1.214,-0.142103485763073
1.216,-0.136593580245972
1.218,-0.13108367472887
1.22,-0.125573769211769
1.222,-0.120063863694668
1.224,-0.114553958177567
1.226,-0.103534147143364
1.228,-0.0980242416262627
1.23,-0.0870044305920601
1.232,-0.0759846195578575
1.234,-0.0704747140407562
1.236,-0.0594549030065536
1.238,-0.0539449974894524
1.24,-0.0429251864552498
1.242,-0.0374152809381485
1.244,-0.0263954699039459
1.246,-0.0153756588697433
1.248,-0.00435584783554077
1.25,0.0121738687157631
1.252,0.0176837742328644
1.254,0.028703585267067
1.256,0.0452333018183708
1.258,0.0562531128525734
1.26,0.067272923886776
1.262,0.0838026404380798
1.264,0.0948224514722824
1.266,0.111352168023586
1.268,0.122371979057789
1.27,0.133391790091991
1.272,0.144411601126194
1.274,0.155431412160397
1.276,0.160941317677498
1.278,0.166451223194599
1.28,0.1719611287117
1.282,0.177471034228802
1.284,0.177471034228802
1.286,0.177471034228802
1.288,0.1719611287117
1.29,0.166451223194599
1.292,0.166451223194599
1.294,0.160941317677498
1.296,0.155431412160397
1.298,0.155431412160397
1.3,0.149921506643295
1.302,0.144411601126194
1.304,0.144411601126194
1.306,0.138901695609093
1.308,0.12788188457489
1.31,0.122371979057789
1.312,0.116862073540688
1.314,0.105842262506485
1.316,0.100332356989384
1.318,0.0948224514722824
1.32,0.0893125459551811
1.322,0.0782927349209785
1.324,0.0727828294038773
1.326,0.0617630183696747
1.328,0.0507432073354721
1.33,0.0452333018183708
1.332,0.0397233963012695
1.334,0.0231936797499657
1.336,0.0176837742328644
1.338,0.0066639631986618
1.34,-0.00435584783554077
1.342,-0.0153756588697433
1.344,-0.0263954699039459
1.346,-0.0429251864552498
1.348,-0.0539449974894524
1.35,-0.0649648085236549
1.352,-0.0759846195578575
1.354,-0.0925143361091614
1.356,-0.103534147143364
1.358,-0.120063863694668
1.36,-0.13108367472887
1.362,-0.136593580245972
1.364,-0.147613391280174
1.366,-0.153123296797276
1.368,-0.164143107831478
1.37,-0.164143107831478
1.372,-0.169653013348579
1.374,-0.164143107831478
1.376,-0.164143107831478
1.378,-0.164143107831478
1.38,-0.164143107831478
1.382,-0.158633202314377
1.384,-0.158633202314377
1.386,-0.153123296797276
1.388,-0.147613391280174
1.39,-0.142103485763073
1.392,-0.136593580245972
1.394,-0.136593580245972
1.396,-0.125573769211769
1.398,-0.120063863694668
1.4,-0.120063863694668
1.402,-0.109044052660465
1.404,-0.103534147143364
1.406,-0.0925143361091614
1.408,-0.0870044305920601
1.41,-0.0759846195578575
1.412,-0.0649648085236549
1.414,-0.0594549030065536
1.416,-0.0484350919723511
1.418,-0.0429251864552498
1.42,-0.0374152809381485
1.422,-0.0263954699039459
1.424,-0.0208855643868446
1.426,-0.00986575335264206
1.428,0.0066639631986618
1.43,0.0121738687157631
1.432,0.0231936797499657
1.434,0.0342134907841682
1.436,0.0452333018183708
1.438,0.0507432073354721
1.44,0.0617630183696747
1.442,0.0727828294038773
1.444,0.0893125459551811
1.446,0.0948224514722824
1.448,0.100332356989384
1.45,0.111352168023586
1.452,0.116862073540688
1.454,0.122371979057789
1.456,0.12788188457489
1.458,0.12788188457489
1.46,0.12788188457489
1.462,0.122371979057789
1.464,0.116862073540688
1.466,0.105842262506485
1.468,0.105842262506485
1.47,0.0948224514722824
1.472,0.0893125459551811
1.474,0.0727828294038773
1.476,0.067272923886776
1.478,0.0617630183696747
1.48,0.0507432073354721
1.482,0.0507432073354721
1.484,0.0397233963012695
1.486,0.0342134907841682
1.488,0.0342134907841682
1.49,0.0342134907841682
1.492,0.0342134907841682
1.494,0.0342134907841682
1.496,0.0342134907841682
1.498,0.0342134907841682
1.5,0.0397233963012695
1.502,0.0397233963012695
1.504,0.0452333018183708
1.506,0.0507432073354721
1.508,0.0562531128525734
1.51,0.0562531128525734
1.512,0.0617630183696747
1.514,0.0727828294038773
1.516,0.0782927349209785
1.518,0.0838026404380798
1.52,0.0893125459551811
1.522,0.0948224514722824
1.524,0.100332356989384
1.526,0.100332356989384
1.528,0.100332356989384
1.53,0.100332356989384
1.532,0.100332356989384
1.534,0.100332356989384
1.536,0.0948224514722824
1.538,0.0948224514722824
1.54,0.0893125459551811
1.542,0.0782927349209785
1.544,0.0727828294038773
1.546,0.067272923886776
1.548,0.067272923886776
1.55,0.0507432073354721
1.552,0.0507432073354721
1.554,0.0397233963012695
1.556,0.028703585267067
1.558,0.0231936797499657
1.56,0.0176837742328644
1.562,0.0066639631986618
1.564,0.00115405768156052
1.566,-0.0153756588697433
1.568,-0.0208855643868446
1.57,-0.0319053754210472
1.572,-0.0484350919723511
1.574,-0.0594549030065536
1.576,-0.0704747140407562
1.578,-0.0814945250749588
1.58,-0.0925143361091614
1.582,-0.109044052660465
1.584,-0.114553958177567
1.586,-0.125573769211769
1.588,-0.136593580245972
1.59,-0.142103485763073
1.592,-0.147613391280174
1.594,-0.153123296797276
1.596,-0.158633202314377
1.598,-0.153123296797276
1.6,-0.153123296797276
1.602,-0.147613391280174
1.604,-0.147613391280174
1.606,-0.147613391280174
1.608,-0.147613391280174
1.61,-0.147613391280174
1.612,-0.142103485763073
1.614,-0.142103485763073
1.616,-0.136593580245972
1.618,-0.136593580245972
1.62,-0.13108367472887
1.622,-0.125573769211769
1.624,-0.120063863694668
1.626,-0.109044052660465
1.628,-0.109044052660465
1.63,-0.103534147143364
1.632,-0.0925143361091614
1.634,-0.0814945250749588
1.636,-0.0759846195578575
1.638,-0.0704747140407562
1.64,-0.0594549030065536
1.642,-0.0539449974894524
1.644,-0.0429251864552498
1.646,-0.0374152809381485
1.648,-0.0263954699039459
1.65,-0.0208855643868446
1.652,-0.00986575335264206
1.654,0.00115405768156052
1.656,0.0121738687157631
1.658,0.0231936797499657
1.66,0.0342134907841682
1.662,0.0452333018183708
1.664,0.0562531128525734
1.666,0.067272923886776
1.668,0.0838026404380798
1.67,0.100332356989384
1.672,0.111352168023586
1.674,0.116862073540688
1.676,0.12788188457489
1.678,0.138901695609093
1.68,0.144411601126194
1.682,0.149921506643295
1.684,0.160941317677498
1.686,0.160941317677498
1.688,0.160941317677498
1.69,0.160941317677498
1.692,0.160941317677498
1.694,0.155431412160397
1.696,0.160941317677498
1.698,0.155431412160397
1.7,0.155431412160397
1.702,0.155431412160397
1.704,0.149921506643295
1.706,0.144411601126194
1.708,0.144411601126194
1.71,0.138901695609093
1.712,0.133391790091991
1.714,0.133391790091991
1.716,0.122371979057789
1.718,0.122371979057789
1.72,0.111352168023586
1.722,0.105842262506485
1.724,0.0948224514722824
1.726,0.0893125459551811
1.728,0.0838026404380798
1.73,0.0727828294038773
1.732,0.0617630183696747
1.734,0.0562531128525734
1.736,0.0452333018183708
1.738,0.0397233963012695
1.74,0.028703585267067
1.742,0.0176837742328644
1.744,0.0121738687157631
1.746,-0.00435584783554077
1.748,-0.00986575335264206
1.75,-0.0208855643868446
1.752,-0.0374152809381485
1.754,-0.0429251864552498
1.756,-0.0594549030065536
1.758,-0.0704747140407562
1.76,-0.0870044305920601
1.762,-0.0980242416262627
1.764,-0.109044052660465
1.766,-0.114553958177567
1.768,-0.13108367472887
1.77,-0.136593580245972
1.772,-0.147613391280174
1.774,-0.147613391280174
1.776,-0.158633202314377
1.778,-0.164143107831478
1.78,-0.158633202314377
1.782,-0.164143107831478
1.784,-0.158633202314377
1.786,-0.158633202314377
1.788,-0.158633202314377
1.79,-0.153123296797276
1.792,-0.153123296797276
1.794,-0.147613391280174
1.796,-0.147613391280174
1.798,-0.147613391280174
1.8,-0.142103485763073
1.802,-0.136593580245972
1.804,-0.13108367472887
1.806,-0.125573769211769
1.808,-0.120063863694668
1.81,-0.109044052660465
1.812,-0.103534147143364
1.814,-0.0980242416262627
1.816,-0.0870044305920601
1.818,-0.0814945250749588
1.82,-0.0759846195578575
1.822,-0.0649648085236549
1.824,-0.0594549030065536
1.826,-0.0484350919723511
1.828,-0.0429251864552498
1.83,-0.0319053754210472
1.832,-0.0263954699039459
1.834,-0.0153756588697433
1.836,0.00115405768156052
1.838,0.00115405768156052
1.84,0.0176837742328644
1.842,0.028703585267067
1.844,0.0397233963012695
1.846,0.0507432073354721
1.848,0.067272923886776
1.85,0.0782927349209785
1.852,0.0893125459551811
1.854,0.100332356989384
1.856,0.116862073540688
1.858,0.12788188457489
1.86,0.133391790091991
1.862,0.149921506643295
1.864,0.155431412160397
1.866,0.160941317677498
1.868,0.166451223194599
1.87,0.166451223194599
1.872,0.1719611287117
1.874,0.1719611287117
1.876,0.1719611287117
1.878,0.1719611287117
1.88,0.166451223194599
1.882,0.160941317677498
1.884,0.155431412160397
1.886,0.155431412160397
1.888,0.149921506643295
1.89,0.144411601126194
1.892,0.144411601126194
1.894,0.138901695609093
1.896,0.12788188457489
1.898,0.12788188457489
1.9,0.12788188457489
1.902,0.111352168023586
1.904,0.111352168023586
1.906,0.100332356989384
1.908,0.0948224514722824
1.91,0.0893125459551811
1.912,0.0727828294038773
1.914,0.067272923886776
1.916,0.0617630183696747
1.918,0.0507432073354721
1.92,0.0397233963012695
1.922,0.0342134907841682
1.924,0.028703585267067
1.926,0.0176837742328644
1.928,0.0066639631986618
1.93,0.00115405768156052
1.932,-0.00435584783554077
1.934,-0.0208855643868446
1.936,-0.0319053754210472
1.938,-0.0374152809381485
1.94,-0.0539449974894524
1.942,-0.0594549030065536
1.944,-0.0759846195578575
1.946,-0.0870044305920601
1.948,-0.103534147143364
1.95,-0.109044052660465
1.952,-0.120063863694668
1.954,-0.13108367472887
1.956,-0.136593580245972
1.958,-0.147613391280174
1.96,-0.153123296797276
1.962,-0.158633202314377
1.964,-0.164143107831478
1.966,-0.158633202314377
1.968,-0.158633202314377
1.97,-0.153123296797276
1.972,-0.158633202314377
1.974,-0.147613391280174
1.976,-0.153123296797276
1.978,-0.147613391280174
1.98,-0.142103485763073
1.982,-0.142103485763073
1.984,-0.136593580245972
1.986,-0.13108367472887
1.988,-0.125573769211769
1.99,-0.120063863694668
1.992,-0.114553958177567
1.994,-0.114553958177567
1.996,-0.103534147143364
1.998,-0.0980242416262627
2.0,-0.0870044305920601
2.002,-0.0870044305920601
2.004,-0.0704747140407562
2.006,-0.0649648085236549
2.008,-0.0594549030065536
2.01,-0.0484350919723511
2.012,-0.0374152809381485
2.014,-0.0319053754210472
2.016,-0.0263954699039459
2.018,-0.0208855643868446
2.02,-0.00986575335264206
2.022,0.00115405768156052
2.024,0.0066639631986618
2.026,0.0176837742328644
2.028,0.0231936797499657
2.03,0.0342134907841682
2.032,0.0452333018183708
2.034,0.0507432073354721
2.036,0.0617630183696747
2.038,0.0727828294038773
2.04,0.0838026404380798
2.042,0.0948224514722824
2.044,0.100332356989384
2.046,0.111352168023586
2.048,0.111352168023586
2.05,0.116862073540688
2.052,0.116862073540688
2.054,0.122371979057789
2.056,0.116862073540688
2.058,0.116862073540688
2.06,0.111352168023586
2.062,0.105842262506485
2.064,0.0948224514722824
2.066,0.0948224514722824
2.068,0.0838026404380798
2.07,0.0782927349209785
2.072,0.067272923886776
2.074,0.0617630183696747
2.076,0.0562531128525734
2.078,0.0452333018183708
2.08,0.0452333018183708
2.082,0.0342134907841682
2.084,0.0397233963012695
2.086,0.028703585267067
2.088,0.0342134907841682
2.09,0.028703585267067
2.092,0.028703585267067
2.094,0.028703585267067
2.096,0.0342134907841682
2.098,0.0342134907841682
2.1,0.0397233963012695
2.102,0.0452333018183708
2.104,0.0452333018183708
2.106,0.0507432073354721
2.108,0.0562531128525734
2.11,0.0617630183696747
2.112,0.067272923886776
2.114,0.0727828294038773
2.116,0.0782927349209785
2.118,0.0838026404380798
2.12,0.0838026404380798
2.122,0.0948224514722824
2.124,0.0948224514722824
2.126,0.0948224514722824
2.128,0.100332356989384
2.13,0.100332356989384
2.132,0.0948224514722824
2.134,0.0893125459551811
2.136,0.0893125459551811
2.138,0.0893125459551811
2.14,0.0838026404380798
2.142,0.0782927349209785
2.144,0.0727828294038773
2.146,0.067272923886776
2.148,0.0562531128525734
2.15,0.0507432073354721
2.152,0.0507432073354721
2.154,0.0397233963012695
2.156,0.028703585267067
2.158,0.0231936797499657
2.16,0.0176837742328644
2.162,0.0066639631986618
2.164,-0.00435584783554077
2.166,-0.0153756588697433
2.168,-0.0208855643868446
2.17,-0.0263954699039459
2.172,-0.0374152809381485
2.174,-0.0484350919723511
2.176,-0.0649648085236549
2.178,-0.0759846195578575
2.18,-0.0870044305920601
2.182,-0.0980242416262627
2.184,-0.109044052660465
2.186,-0.114553958177567
2.188,-0.13108367472887
2.19,-0.136593580245972
2.192,-0.142103485763073
2.194,-0.142103485763073
2.196,-0.147613391280174
2.198,-0.147613391280174
2.2,-0.147613391280174
2.202,-0.153123296797276
2.204,-0.147613391280174
2.206,-0.147613391280174
2.208,-0.147613391280174
2.21,-0.142103485763073
2.212,-0.142103485763073
2.214,-0.136593580245972
2.216,-0.13108367472887
2.218,-0.13108367472887
2.22,-0.13108367472887
2.222,-0.125573769211769
2.224,-0.120063863694668
2.226,-0.114553958177567
2.228,-0.109044052660465
2.23,-0.103534147143364
2.232,-0.0980242416262627
2.234,-0.0980242416262627
2.236,-0.0870044305920601
2.238,-0.0759846195578575
2.24,-0.0704747140407562
2.242,-0.0649648085236549
2.244,-0.0594549030065536
2.246,-0.0484350919723511
2.248,-0.0429251864552498
2.25,-0.0374152809381485
2.252,-0.0263954699039459
2.254,-0.0153756588697433
2.256,-0.00435584783554077
2.258,0.00115405768156052
2.26,0.0121738687157631
2.262,0.0176837742328644
2.264,0.0342134907841682
2.266,0.0452333018183708
2.268,0.0507432073354721
2.27,0.0617630183696747
2.272,0.0782927349209785
2.274,0.0893125459551811
2.276,0.0948224514722824
2.278,0.111352168023586
2.28,0.122371979057789
2.282,0.133391790091991
2.284,0.138901695609093
2.286,0.144411601126194
2.288,0.149921506643295
2.29,0.155431412160397
2.292,0.160941317677498
2.294,0.160941317677498
2.296,0.160941317677498
2.298,0.160941317677498
2.3,0.160941317677498
2.302,0.160941317677498
2.304,0.155431412160397
2.306,0.149921506643295
2.308,0.144411601126194
2.31,0.144411601126194
2.312,0.144411601126194
2.314,0.138901695609093
2.316,0.133391790091991
2.318,0.12788188457489
2.32,0.12788188457489
2.322,0.122371979057789
2.324,0.116862073540688
2.326,0.111352168023586
2.328,0.100332356989384
2.33,0.0948224514722824
2.332,0.0893125459551811
2.334,0.0838026404380798
2.336,0.0727828294038773
2.338,0.067272923886776
2.34,0.0617630183696747
2.342,0.0507432073354721
2.344,0.0452333018183708
2.346,0.0342134907841682
2.348,0.0231936797499657
2.35,0.0176837742328644
2.352,0.0121738687157631
2.354,0.00115405768156052
2.356,-0.00986575335264206
2.358,-0.0208855643868446
2.36,-0.0319053754210472
2.362,-0.0429251864552498
2.364,-0.0539449974894524
2.366,-0.0649648085236549
2.368,-0.0814945250749588
2.37,-0.0925143361091614
2.372,-0.103534147143364
2.374,-0.120063863694668
2.376,-0.125573769211769
2.378,-0.13108367472887
2.38,-0.142103485763073
2.382,-0.153123296797276
2.384,-0.153123296797276
2.386,-0.158633202314377
2.388,-0.158633202314377
2.39,-0.158633202314377
2.392,-0.158633202314377
2.394,-0.158633202314377
2.396,-0.158633202314377
2.398,-0.153123296797276
2.4,-0.153123296797276
2.402,-0.147613391280174
2.404,-0.142103485763073
2.406,-0.142103485763073
2.408,-0.136593580245972
2.41,-0.136593580245972
2.412,-0.13108367472887
2.414,-0.125573769211769
2.416,-0.120063863694668
2.418,-0.114553958177567
2.42,-0.109044052660465
2.422,-0.103534147143364
2.424,-0.0980242416262627
2.426,-0.0925143361091614
2.428,-0.0814945250749588
2.43,-0.0704747140407562
2.432,-0.0649648085236549
2.434,-0.0594549030065536
2.436,-0.0484350919723511
2.438,-0.0374152809381485
2.44,-0.0374152809381485
2.442,-0.0208855643868446
2.444,-0.0153756588697433
2.446,-0.00986575335264206
2.448,-0.00435584783554077
2.45,0.0066639631986618
2.452,0.0176837742328644
2.454,0.028703585267067
2.456,0.0397233963012695
2.458,0.0507432073354721
2.46,0.0617630183696747
2.462,0.0727828294038773
2.464,0.0893125459551811
2.466,0.100332356989384
2.468,0.111352168023586
2.47,0.122371979057789
2.472,0.133391790091991
2.474,0.144411601126194
2.476,0.149921506643295
2.478,0.155431412160397
2.48,0.155431412160397
2.482,0.160941317677498
2.484,0.166451223194599
2.486,0.166451223194599
2.488,0.160941317677498
2.49,0.160941317677498
2.492,0.160941317677498
2.494,0.155431412160397
2.496,0.155431412160397
2.498,0.149921506643295
2.5,0.144411601126194
2.502,0.144411601126194
2.504,0.138901695609093
2.506,0.133391790091991
2.508,0.133391790091991
2.51,0.12788188457489
2.512,0.122371979057789
2.514,0.116862073540688
2.516,0.111352168023586
2.518,0.105842262506485
2.52,0.100332356989384
2.522,0.0893125459551811
2.524,0.0838026404380798
2.526,0.0782927349209785
2.528,0.067272923886776
2.53,0.0617630183696747
2.532,0.0507432073354721
2.534,0.0452333018183708
2.536,0.0397233963012695
2.538,0.028703585267067
2.54,0.0231936797499657
2.542,0.0121738687157631
2.544,0.0066639631986618
2.546,-0.00435584783554077
2.548,-0.00986575335264206
2.55,-0.0208855643868446
2.552,-0.0319053754210472
2.554,-0.0429251864552498
2.556,-0.0539449974894524
2.558,-0.0594549030065536
2.56,-0.0759846195578575
2.562,-0.0870044305920601
2.564,-0.0980242416262627
2.566,-0.109044052660465
2.568,-0.114553958177567
2.57,-0.125573769211769
2.572,-0.13108367472887
2.574,-0.142103485763073
2.576,-0.147613391280174
2.578,-0.147613391280174
2.58,-0.153123296797276
2.582,-0.153123296797276
2.584,-0.158633202314377
2.586,-0.153123296797276
2.588,-0.153123296797276
2.59,-0.147613391280174
2.592,-0.147613391280174
2.594,-0.142103485763073
2.596,-0.142103485763073
2.598,-0.136593580245972
2.6,-0.13108367472887
2.602,-0.13108367472887
2.604,-0.13108367472887
2.606,-0.120063863694668
2.608,-0.114553958177567
2.61,-0.114553958177567
2.612,-0.109044052660465
2.614,-0.0980242416262627
2.616,-0.0980242416262627
2.618,-0.0814945250749588
2.62,-0.0814945250749588
2.622,-0.0704747140407562
2.624,-0.0649648085236549
2.626,-0.0539449974894524
2.628,-0.0484350919723511
2.63,-0.0429251864552498
2.632,-0.0374152809381485
2.634,-0.0319053754210472
2.636,-0.0208855643868446
2.638,-0.0153756588697433
2.64,-0.00435584783554077
2.642,0.00115405768156052
2.644,0.0121738687157631
2.646,0.0176837742328644
2.648,0.028703585267067
2.65,0.0342134907841682
2.652,0.0452333018183708
2.654,0.0562531128525734
2.656,0.0617630183696747
2.658,0.0727828294038773
2.66,0.0782927349209785
2.662,0.0948224514722824
2.664,0.100332356989384
2.666,0.105842262506485
2.668,0.111352168023586
2.67,0.116862073540688
2.672,0.116862073540688
2.674,0.116862073540688
2.676,0.116862073540688
2.678,0.116862073540688
2.68,0.105842262506485
2.682,0.105842262506485
2.684,0.100332356989384
2.686,0.0948224514722824
2.688,0.0893125459551811
2.69,0.0782927349209785
2.692,0.067272923886776
2.694,0.0617630183696747
2.696,0.0562531128525734
2.698,0.0507432073354721
2.7,0.0452333018183708
2.702,0.0397233963012695
2.704,0.0397233963012695
2.706,0.0342134907841682
2.708,0.0342134907841682
2.71,0.028703585267067
2.712,0.028703585267067
2.714,0.0342134907841682
2.716,0.028703585267067
2.718,0.0342134907841682
2.72,0.0397233963012695
2.722,0.0397233963012695
2.724,0.0397233963012695
2.726,0.0397233963012695
2.728,0.0507432073354721
2.73,0.0507432073354721
2.732,0.0562531128525734
2.734,0.0617630183696747
2.736,0.067272923886776
2.738,0.0727828294038773
2.74,0.0782927349209785
2.742,0.0838026404380798
2.744,0.0893125459551811
2.746,0.0893125459551811
2.748,0.0893125459551811
2.75,0.0948224514722824
2.752,0.0948224514722824
2.754,0.0893125459551811
2.756,0.0893125459551811
2.758,0.0893125459551811
2.76,0.0893125459551811
2.762,0.0838026404380798
2.764,0.0782927349209785
2.766,0.0727828294038773
2.768,0.0727828294038773
2.77,0.067272923886776
2.772,0.0562531128525734
2.774,0.0507432073354721
2.776,0.0452333018183708
2.778,0.0397233963012695
2.78,0.028703585267067
2.782,0.028703585267067
2.784,0.0176837742328644
2.786,0.0121738687157631
2.788,0.0066639631986618
2.79,-0.00986575335264206
2.792,-0.0153756588697433
2.794,-0.0208855643868446
2.796,-0.0319053754210472
2.798,-0.0429251864552498
2.8,-0.0484350919723511
2.802,-0.0649648085236549
2.804,-0.0704747140407562
2.806,-0.0870044305920601
2.808,-0.0925143361091614
2.81,-0.103534147143364
2.812,-0.114553958177567
2.814,-0.120063863694668
2.816,-0.125573769211769
2.818,-0.13108367472887
2.82,-0.136593580245972
2.822,-0.142103485763073
2.824,-0.142103485763073
2.826,-0.142103485763073
2.828,-0.142103485763073
2.83,-0.142103485763073
2.832,-0.142103485763073
2.834,-0.136593580245972
2.836,-0.136593580245972
2.838,-0.13108367472887
2.84,-0.136593580245972
2.842,-0.13108367472887
2.844,-0.125573769211769
2.846,-0.125573769211769
2.848,-0.125573769211769
2.85,-0.120063863694668
2.852,-0.114553958177567
2.854,-0.109044052660465
2.856,-0.103534147143364
2.858,-0.0980242416262627
2.86,-0.0925143361091614
2.862,-0.0870044305920601
2.864,-0.0814945250749588
2.866,-0.0759846195578575
2.868,-0.0649648085236549
2.87,-0.0649648085236549
2.872,-0.0539449974894524
2.874,-0.0429251864552498
2.876,-0.0429251864552498
2.878,-0.0319053754210472
2.88,-0.0263954699039459
2.882,-0.0153756588697433
2.884,-0.00986575335264206
2.886,-0.00435584783554077
2.888,0.00115405768156052
2.89,0.0121738687157631
2.892,0.0231936797499657
2.894,0.0342134907841682
2.896,0.0452333018183708
2.898,0.0507432073354721
2.9,0.067272923886776
2.902,0.0727828294038773
2.904,0.0893125459551811
2.906,0.100332356989384
2.908,0.105842262506485
2.91,0.122371979057789
2.912,0.122371979057789
2.914,0.12788188457489
2.916,0.138901695609093
2.918,0.144411601126194
2.92,0.149921506643295
2.922,0.149921506643295
2.924,0.155431412160397
2.926,0.149921506643295
2.928,0.155431412160397
2.93,0.155431412160397
2.932,0.149921506643295
2.934,0.149921506643295
2.936,0.149921506643295
2.938,0.144411601126194
2.94,0.144411601126194
2.942,0.138901695609093
2.944,0.138901695609093
2.946,0.133391790091991
2.948,0.133391790091991
2.95,0.12788188457489
2.952,0.122371979057789
2.954,0.116862073540688
2.956,0.111352168023586
2.958,0.111352168023586
2.96,0.0948224514722824
2.962,0.0948224514722824
2.964,0.0893125459551811
2.966,0.0782927349209785
2.968,0.0727828294038773
2.97,0.067272923886776
2.972,0.0562531128525734
2.974,0.0507432073354721
2.976,0.0397233963012695
2.978,0.0342134907841682
2.98,0.028703585267067
2.982,0.0176837742328644
2.984,0.0121738687157631
2.986,0.00115405768156052
2.988,-0.00435584783554077
2.99,-0.0153756588697433
2.992,-0.0263954699039459
2.994,-0.0374152809381485
2.996,-0.0429251864552498
2.998,-0.0594549030065536
3.0,-0.0649648085236549
3.002,-0.0759846195578575
3.004,-0.0870044305920601
3.006,-0.103534147143364
3.008,-0.114553958177567
3.01,-0.125573769211769
3.012,-0.136593580245972
3.014,-0.136593580245972
3.016,-0.142103485763073
3.018,-0.147613391280174
3.02,-0.153123296797276
3.022,-0.153123296797276
3.024,-0.153123296797276
3.026,-0.153123296797276
3.028,-0.153123296797276
3.03,-0.153123296797276
3.032,-0.147613391280174
3.034,-0.147613391280174
3.036,-0.142103485763073
3.038,-0.142103485763073
3.04,-0.136593580245972
3.042,-0.136593580245972
3.044,-0.13108367472887
3.046,-0.13108367472887
3.048,-0.125573769211769
3.05,-0.120063863694668
3.052,-0.120063863694668
3.054,-0.114553958177567
3.056,-0.103534147143364
3.058,-0.103534147143364
3.06,-0.0925143361091614
3.062,-0.0870044305920601
3.064,-0.0814945250749588
3.066,-0.0704747140407562
3.068,-0.0649648085236549
3.07,-0.0594549030065536
3.072,-0.0539449974894524
3.074,-0.0429251864552498
3.076,-0.0374152809381485
3.078,-0.0263954699039459
3.08,-0.0208855643868446
3.082,-0.00986575335264206
3.084,-0.00435584783554077
3.086,0.0121738687157631
3.088,0.0176837742328644
3.09,0.0231936797499657
3.092,0.0342134907841682
3.094,0.0452333018183708
3.096,0.0507432073354721
3.098,0.0617630183696747
3.1,0.0727828294038773
3.102,0.0838026404380798
3.104,0.0948224514722824
3.106,0.111352168023586
3.108,0.116862073540688
3.11,0.12788188457489
3.112,0.133391790091991
3.114,0.138901695609093
3.116,0.144411601126194
3.118,0.149921506643295
3.12,0.155431412160397
3.122,0.155431412160397
3.124,0.155431412160397
3.126,0.155431412160397
3.128,0.155431412160397
3.13,0.155431412160397
3.132,0.155431412160397
3.134,0.144411601126194
3.136,0.144411601126194
3.138,0.144411601126194
3.14,0.138901695609093
3.142,0.133391790091991
3.144,0.133391790091991
3.146,0.12788188457489
3.148,0.122371979057789
3.15,0.122371979057789
3.152,0.116862073540688
3.154,0.111352168023586
3.156,0.105842262506485
3.158,0.100332356989384
3.16,0.0948224514722824
3.162,0.0893125459551811
3.164,0.0838026404380798
3.166,0.0727828294038773
3.168,0.067272923886776
3.17,0.0617630183696747
3.172,0.0562531128525734
3.174,0.0507432073354721
3.176,0.0397233963012695
3.178,0.0342134907841682
3.18,0.028703585267067
3.182,0.0231936797499657
3.184,0.0121738687157631
3.186,0.0066639631986618
3.188,-0.00435584783554077
3.19,-0.00986575335264206
3.192,-0.0208855643868446
3.194,-0.0319053754210472
3.196,-0.0429251864552498
3.198,-0.0484350919723511
3.2,-0.0594549030065536
3.202,-0.0704747140407562
3.204,-0.0814945250749588
3.206,-0.0925143361091614
3.208,-0.0980242416262627
3.21,-0.109044052660465
3.212,-0.120063863694668
3.214,-0.125573769211769
3.216,-0.13108367472887
3.218,-0.136593580245972
3.22,-0.142103485763073
3.222,-0.147613391280174
3.224,-0.147613391280174
3.226,-0.147613391280174
3.228,-0.147613391280174
3.23,-0.147613391280174
3.232,-0.142103485763073
3.234,-0.142103485763073
3.236,-0.136593580245972
3.238,-0.136593580245972
3.24,-0.13108367472887
3.242,-0.13108367472887
3.244,-0.125573769211769
3.246,-0.125573769211769
3.248,-0.120063863694668
3.25,-0.120063863694668
3.252,-0.109044052660465
3.254,-0.109044052660465
3.256,-0.103534147143364
3.258,-0.0980242416262627
3.26,-0.0870044305920601
3.262,-0.0814945250749588
3.264,-0.0759846195578575
3.266,-0.0704747140407562
3.268,-0.0649648085236549
3.27,-0.0594549030065536
3.272,-0.0539449974894524
3.274,-0.0429251864552498
3.276,-0.0429251864552498
3.278,-0.0374152809381485
3.28,-0.0263954699039459
3.282,-0.0208855643868446
3.284,-0.0153756588697433
3.286,-0.00986575335264206
3.288,0.00115405768156052
3.29,0.0121738687157631
3.292,0.0176837742328644
3.294,0.028703585267067
3.296,0.0342134907841682
3.298,0.0452333018183708
3.3,0.0507432073354721
3.302,0.0617630183696747
3.304,0.067272923886776
3.306,0.0782927349209785
3.308,0.0838026404380798
3.31,0.0948224514722824
3.312,0.0948224514722824
3.314,0.100332356989384
3.316,0.105842262506485
3.318,0.111352168023586
3.32,0.111352168023586
3.322,0.116862073540688
3.324,0.111352168023586
3.326,0.111352168023586
3.328,0.105842262506485
3.33,0.100332356989384
3.332,0.0948224514722824
3.334,0.0893125459551811
3.336,0.0838026404380798
3.338,0.0727828294038773
3.34,0.067272923886776
3.342,0.0617630183696747
3.344,0.0507432073354721
3.346,0.0452333018183708
3.348,0.0452333018183708
3.35,0.0397233963012695
3.352,0.0342134907841682
3.354,0.0342134907841682
3.356,0.028703585267067
3.358,0.028703585267067
3.36,0.0231936797499657
3.362,0.028703585267067
3.364,0.028703585267067
3.366,0.028703585267067
3.368,0.028703585267067
3.37,0.028703585267067
3.372,0.0342134907841682
3.374,0.0397233963012695
3.376,0.0452333018183708
3.378,0.0452333018183708
3.38,0.0562531128525734
3.382,0.0562531128525734
3.384,0.0562531128525734
3.386,0.067272923886776
3.388,0.0727828294038773
3.39,0.0727828294038773
3.392,0.0782927349209785
3.394,0.0838026404380798
3.396,0.0838026404380798
3.398,0.0893125459551811
3.4,0.0893125459551811
3.402,0.0893125459551811
3.404,0.0893125459551811
3.406,0.0893125459551811
3.408,0.0893125459551811
3.41,0.0838026404380798
3.412,0.0838026404380798
3.414,0.0782927349209785
3.416,0.0782927349209785
3.418,0.0727828294038773
3.42,0.067272923886776
3.422,0.0617630183696747
3.424,0.0562531128525734
3.426,0.0507432073354721
3.428,0.0452333018183708
3.43,0.0397233963012695
3.432,0.0342134907841682
3.434,0.028703585267067
3.436,0.0231936797499657
3.438,0.0121738687157631
3.44,0.00115405768156052
3.442,-0.00435584783554077
3.444,-0.00986575335264206
3.446,-0.0208855643868446
3.448,-0.0263954699039459
3.45,-0.0374152809381485
3.452,-0.0429251864552498
3.454,-0.0594549030065536
3.456,-0.0649648085236549
3.458,-0.0759846195578575
3.46,-0.0870044305920601
3.462,-0.0980242416262627
3.464,-0.109044052660465
3.466,-0.114553958177567
3.468,-0.120063863694668
3.47,-0.125573769211769
3.472,-0.125573769211769
3.474,-0.136593580245972
3.476,-0.136593580245972
3.478,-0.136593580245972
3.48,-0.142103485763073
3.482,-0.136593580245972
3.484,-0.136593580245972
3.486,-0.136593580245972
3.488,-0.136593580245972
3.49,-0.13108367472887
3.492,-0.13108367472887
3.494,-0.13108367472887
3.496,-0.125573769211769
3.498,-0.125573769211769
3.5,-0.125573769211769
3.502,-0.120063863694668
3.504,-0.120063863694668
3.506,-0.114553958177567
3.508,-0.109044052660465
3.51,-0.103534147143364
3.512,-0.0980242416262627
3.514,-0.0925143361091614
3.516,-0.0925143361091614
3.518,-0.0870044305920601
3.52,-0.0759846195578575
3.522,-0.0704747140407562
3.524,-0.0649648085236549
3.526,-0.0649648085236549
3.528,-0.0539449974894524
3.53,-0.0484350919723511
3.532,-0.0374152809381485
3.534,-0.0374152809381485
3.536,-0.0263954699039459
3.538,-0.0208855643868446
3.54,-0.00986575335264206
3.542,-0.00986575335264206
3.544,0.00115405768156052
3.546,0.0121738687157631
3.548,0.0176837742328644
3.55,0.028703585267067
3.552,0.0342134907841682
3.554,0.0507432073354721
3.556,0.0507432073354721
3.558,0.067272923886776
3.56,0.0782927349209785
3.562,0.0893125459551811
3.564,0.100332356989384
3.566,0.105842262506485
3.568,0.116862073540688
3.57,0.122371979057789
3.572,0.12788188457489
3.574,0.133391790091991
3.576,0.138901695609093
3.578,0.138901695609093
3.58,0.144411601126194
3.582,0.144411601126194
3.584,0.144411601126194
3.586,0.144411601126194
3.588,0.144411601126194
3.59,0.149921506643295
3.592,0.138901695609093
3.594,0.138901695609093
3.596,0.138901695609093
3.598,0.138901695609093
3.6,0.133391790091991
3.602,0.133391790091991
3.604,0.133391790091991
3.606,0.12788188457489
3.608,0.122371979057789
3.61,0.122371979057789
3.612,0.116862073540688
3.614,0.111352168023586
3.616,0.105842262506485
3.618,0.105842262506485
3.62,0.0948224514722824
3.622,0.0893125459551811
3.624,0.0838026404380798
3.626,0.0782927349209785
3.628,0.0727828294038773
3.63,0.0617630183696747
3.632,0.0617630183696747
3.634,0.0562531128525734
3.636,0.0452333018183708
3.638,0.0397233963012695
3.64,0.0342134907841682
3.642,0.0231936797499657
3.644,0.0176837742328644
3.646,0.0121738687157631
3.648,0.0066639631986618
3.65,-0.00986575335264206
3.652,-0.0208855643868446
3.654,-0.0208855643868446
3.656,-0.0319053754210472
3.658,-0.0429251864552498
3.66,-0.0539449974894524
3.662,-0.0649648085236549
3.664,-0.0704747140407562
3.666,-0.0814945250749588
3.668,-0.0925143361091614
3.67,-0.103534147143364
3.672,-0.114553958177567
3.674,-0.120063863694668
3.676,-0.125573769211769
3.678,-0.136593580245972
3.68,-0.136593580245972
3.682,-0.142103485763073
3.684,-0.142103485763073
3.686,-0.147613391280174
3.688,-0.147613391280174
3.69,-0.142103485763073
3.692,-0.147613391280174
3.694,-0.147613391280174
3.696,-0.142103485763073
3.698,-0.142103485763073
3.7,-0.136593580245972
3.702,-0.136593580245972
3.704,-0.13108367472887
3.706,-0.13108367472887
3.708,-0.120063863694668
3.71,-0.120063863694668
3.712,-0.120063863694668
3.714,-0.114553958177567
3.716,-0.114553958177567
3.718,-0.109044052660465
3.72,-0.103534147143364
3.722,-0.0980242416262627
3.724,-0.0925143361091614
3.726,-0.0870044305920601
3.728,-0.0759846195578575
3.73,-0.0759846195578575
3.732,-0.0704747140407562
3.734,-0.0594549030065536
3.736,-0.0539449974894524
3.738,-0.0429251864552498
3.74,-0.0429251864552498
3.742,-0.0319053754210472
3.744,-0.0263954699039459
3.746,-0.0208855643868446
3.748,-0.00986575335264206
3.75,-0.00435584783554077
3.752,0.0066639631986618
3.754,0.0121738687157631
3.756,0.0176837742328644
3.758,0.0231936797499657
3.76,0.0342134907841682
3.762,0.0452333018183708
3.764,0.0562531128525734
3.766,0.0617630183696747
3.768,0.0727828294038773
3.77,0.0893125459551811
3.772,0.0948224514722824
3.774,0.105842262506485
3.776,0.116862073540688
3.778,0.116862073540688
3.78,0.12788188457489
3.782,0.138901695609093
3.784,0.138901695609093
3.786,0.144411601126194
3.788,0.149921506643295
3.79,0.155431412160397
3.792,0.149921506643295
3.794,0.149921506643295
3.796,0.149921506643295
3.798,0.149921506643295
3.8,0.144411601126194
3.802,0.144411601126194
3.804,0.144411601126194
3.806,0.138901695609093
3.808,0.133391790091991
3.81,0.133391790091991
3.812,0.12788188457489
3.814,0.122371979057789
3.816,0.116862073540688
3.818,0.116862073540688
3.82,0.116862073540688
3.822,0.111352168023586
3.824,0.100332356989384
3.826,0.100332356989384
3.828,0.0948224514722824
3.83,0.0893125459551811
3.832,0.0838026404380798
3.834,0.0782927349209785
3.836,0.067272923886776
3.838,0.067272923886776
3.84,0.0617630183696747
3.842,0.0507432073354721
3.844,0.0507432073354721
3.846,0.0397233963012695
3.848,0.0397233963012695
3.85,0.0342134907841682
3.852,0.0176837742328644
3.854,0.0121738687157631
3.856,0.0066639631986618
3.858,0.00115405768156052
3.86,-0.00435584783554077
3.862,-0.0153756588697433
3.864,-0.0208855643868446
3.866,-0.0319053754210472
3.868,-0.0374152809381485
3.87,-0.0484350919723511
3.872,-0.0539449974894524
3.874,-0.0649648085236549
3.876,-0.0759846195578575
3.878,-0.0870044305920601
3.88,-0.0980242416262627
3.882,-0.103534147143364
3.884,-0.109044052660465
3.886,-0.114553958177567
3.888,-0.125573769211769
3.89,-0.13108367472887
3.892,-0.136593580245972
3.894,-0.136593580245972
3.896,-0.136593580245972
3.898,-0.142103485763073
3.9,-0.142103485763073
3.902,-0.142103485763073
3.904,-0.142103485763073
3.906,-0.136593580245972
3.908,-0.136593580245972
3.91,-0.13108367472887
3.912,-0.136593580245972
3.914,-0.13108367472887
3.916,-0.125573769211769
3.918,-0.120063863694668
3.92,-0.114553958177567
3.922,-0.120063863694668
3.924,-0.114553958177567
3.926,-0.109044052660465
3.928,-0.109044052660465
3.93,-0.0980242416262627
3.932,-0.0980242416262627
3.934,-0.0870044305920601
3.936,-0.0814945250749588
3.938,-0.0814945250749588
3.94,-0.0704747140407562
3.942,-0.0704747140407562
3.944,-0.0594549030065536
3.946,-0.0539449974894524
3.948,-0.0484350919723511
3.95,-0.0374152809381485
3.952,-0.0319053754210472
3.954,-0.0319053754210472
3.956,-0.0208855643868446
3.958,-0.0208855643868446
3.96,-0.00986575335264206
3.962,-0.00435584783554077
3.964,0.00115405768156052
3.966,0.0066639631986618
3.968,0.0121738687157631
3.97,0.0231936797499657
3.972,0.028703585267067
3.974,0.0397233963012695
3.976,0.0452333018183708
3.978,0.0562531128525734
3.98,0.0617630183696747
3.982,0.0727828294038773
3.984,0.0782927349209785
3.986,0.0838026404380798
3.988,0.0893125459551811
3.99,0.0948224514722824
3.992,0.100332356989384
3.994,0.105842262506485
3.996,0.105842262506485
3.998,0.111352168023586
4.0,0.105842262506485
4.002,0.105842262506485
4.004,0.100332356989384
4.006,0.100332356989384
4.008,0.100332356989384
4.01,0.0893125459551811
4.012,0.0838026404380798
4.014,0.0782927349209785
4.016,0.0727828294038773
4.018,0.067272923886776
4.02,0.0617630183696747
4.022,0.0562531128525734
4.024,0.0507432073354721
4.026,0.0452333018183708
4.028,0.0397233963012695
4.03,0.0342134907841682
4.032,0.0342134907841682
4.034,0.028703585267067
4.036,0.028703585267067
4.038,0.028703585267067
4.04,0.028703585267067
4.042,0.028703585267067
4.044,0.028703585267067
4.046,0.028703585267067
4.048,0.028703585267067
4.05,0.028703585267067
4.052,0.0342134907841682
4.054,0.0397233963012695
4.056,0.0397233963012695
4.058,0.0452333018183708
4.06,0.0452333018183708
4.062,0.0507432073354721
4.064,0.0562531128525734
4.066,0.0617630183696747
4.068,0.067272923886776
4.07,0.067272923886776
4.072,0.0727828294038773
4.074,0.0727828294038773
4.076,0.0782927349209785
4.078,0.0838026404380798
4.08,0.0782927349209785
4.082,0.0838026404380798
4.084,0.0838026404380798
4.086,0.0893125459551811
4.088,0.0893125459551811
4.09,0.0838026404380798
4.092,0.0838026404380798
4.094,0.0782927349209785
4.096,0.0782927349209785
4.098,0.0727828294038773
4.1,0.0727828294038773
4.102,0.067272923886776
4.104,0.0617630183696747
4.106,0.0562531128525734
4.108,0.0507432073354721
4.11,0.0452333018183708
4.112,0.0452333018183708
4.114,0.0397233963012695
4.116,0.028703585267067
4.118,0.0231936797499657
4.12,0.0176837742328644
4.122,0.0121738687157631
4.124,0.0066639631986618
4.126,0.00115405768156052
4.128,-0.00986575335264206
4.13,-0.0153756588697433
4.132,-0.0208855643868446
4.134,-0.0319053754210472
4.136,-0.0429251864552498
4.138,-0.0484350919723511
4.14,-0.0649648085236549
4.142,-0.0704747140407562
4.144,-0.0814945250749588
4.146,-0.0814945250749588
4.148,-0.0925143361091614
4.15,-0.103534147143364
4.152,-0.109044052660465
4.154,-0.120063863694668
4.156,-0.120063863694668
4.158,-0.125573769211769
4.16,-0.13108367472887
4.162,-0.13108367472887
4.164,-0.13108367472887
4.166,-0.13108367472887
4.168,-0.13108367472887
4.17,-0.13108367472887
4.172,-0.13108367472887
4.174,-0.13108367472887
4.176,-0.13108367472887
4.178,-0.125573769211769
4.18,-0.125573769211769
4.182,-0.120063863694668
4.184,-0.125573769211769
4.186,-0.120063863694668
4.188,-0.114553958177567
4.19,-0.114553958177567
4.192,-0.109044052660465
4.194,-0.109044052660465
4.196,-0.103534147143364
4.198,-0.103534147143364
4.2,-0.0925143361091614
4.202,-0.0870044305920601
4.204,-0.0870044305920601
4.206,-0.0814945250749588
4.208,-0.0759846195578575
4.21,-0.0704747140407562
4.212,-0.0649648085236549
4.214,-0.0594549030065536
4.216,-0.0539449974894524
4.218,-0.0484350919723511
4.22,-0.0429251864552498
4.222,-0.0374152809381485
4.224,-0.0263954699039459
4.226,-0.0208855643868446
4.228,-0.0153756588697433
4.23,-0.00986575335264206
4.232,0.00115405768156052
4.234,0.0066639631986618
4.236,0.0121738687157631
4.238,0.0231936797499657
4.24,0.028703585267067
4.242,0.0397233963012695
4.244,0.0452333018183708
4.246,0.0507432073354721
4.248,0.067272923886776
4.25,0.0782927349209785
4.252,0.0838026404380798
4.254,0.0893125459551811
4.256,0.0948224514722824
4.258,0.111352168023586
4.26,0.116862073540688
4.262,0.122371979057789
4.264,0.12788188457489
4.266,0.12788188457489
4.268,0.133391790091991
4.27,0.133391790091991
4.272,0.138901695609093
4.274,0.138901695609093
4.276,0.138901695609093
4.278,0.138901695609093
4.28,0.138901695609093
4.282,0.138901695609093
4.284,0.138901695609093
4.286,0.133391790091991
4.288,0.133391790091991
4.29,0.133391790091991
4.292,0.133391790091991
4.294,0.122371979057789
4.296,0.12788188457489
4.298,0.122371979057789
4.3,0.116862073540688
4.302,0.116862073540688
4.304,0.111352168023586
4.306,0.105842262506485
4.308,0.105842262506485
4.31,0.100332356989384
4.312,0.0948224514722824
4.314,0.0893125459551811
4.316,0.0838026404380798
4.318,0.0782927349209785
4.32,0.067272923886776
4.322,0.0617630183696747
4.324,0.0617630183696747
4.326,0.0562531128525734
4.328,0.0452333018183708
4.33,0.0452333018183708
4.332,0.0397233963012695
4.334,0.028703585267067
4.336,0.0231936797499657
4.338,0.0176837742328644
4.34,0.0066639631986618
4.342,0.00115405768156052
4.344,-0.00435584783554077
4.346,-0.0153756588697433
4.348,-0.0208855643868446
4.35,-0.0263954699039459
4.352,-0.0374152809381485
4.354,-0.0429251864552498
4.356,-0.0539449974894524
4.358,-0.0649648085236549
4.36,-0.0704747140407562
4.362,-0.0814945250749588
4.364,-0.0870044305920601
4.366,-0.0980242416262627
4.368,-0.109044052660465
4.37,-0.114553958177567
4.372,-0.120063863694668
4.374,-0.125573769211769
4.376,-0.13108367472887
4.378,-0.136593580245972
4.38,-0.136593580245972
4.382,-0.136593580245972
4.384,-0.136593580245972
4.386,-0.142103485763073
4.388,-0.136593580245972
4.39,-0.136593580245972
4.392,-0.136593580245972
4.394,-0.13108367472887
4.396,-0.13108367472887
4.398,-0.13108367472887
4.4,-0.125573769211769
4.402,-0.120063863694668
4.404,-0.125573769211769
4.406,-0.120063863694668
4.408,-0.120063863694668
4.41,-0.114553958177567
4.412,-0.109044052660465
4.414,-0.109044052660465
4.416,-0.103534147143364
4.418,-0.0980242416262627
4.42,-0.0925143361091614
4.422,-0.0925143361091614
4.424,-0.0814945250749588
4.426,-0.0759846195578575
4.428,-0.0704747140407562
4.43,-0.0649648085236549
4.432,-0.0594549030065536
4.434,-0.0594549030065536
4.436,-0.0484350919723511
4.438,-0.0429251864552498
4.44,-0.0374152809381485
4.442,-0.0319053754210472
4.444,-0.0208855643868446
4.446,-0.0208855643868446
4.448,-0.00986575335264206
4.45,-0.00435584783554077
4.452,0.0066639631986618
4.454,0.0121738687157631
4.456,0.0176837742328644
4.458,0.028703585267067
4.46,0.028703585267067
4.462,0.0397233963012695
4.464,0.0562531128525734
4.466,0.0617630183696747
4.468,0.067272923886776
4.47,0.0782927349209785
4.472,0.0893125459551811
4.474,0.0948224514722824
4.476,0.105842262506485
4.478,0.111352168023586
4.48,0.116862073540688
4.482,0.12788188457489
4.484,0.133391790091991
4.486,0.138901695609093
4.488,0.144411601126194
4.49,0.138901695609093
4.492,0.144411601126194
4.494,0.144411601126194
4.496,0.144411601126194
4.498,0.144411601126194
4.5,0.144411601126194
4.502,0.138901695609093
4.504,0.133391790091991
4.506,0.133391790091991
4.508,0.133391790091991
4.51,0.12788188457489
4.512,0.12788188457489
4.514,0.122371979057789
4.516,0.116862073540688
4.518,0.116862073540688
4.52,0.116862073540688
4.522,0.111352168023586
4.524,0.111352168023586
4.526,0.105842262506485
4.528,0.100332356989384
4.53,0.0948224514722824
4.532,0.0893125459551811
4.534,0.0838026404380798
4.536,0.0838026404380798
4.538,0.0727828294038773
4.54,0.067272923886776
4.542,0.067272923886776
4.544,0.0562531128525734
4.546,0.0507432073354721
4.548,0.0507432073354721
4.55,0.0452333018183708
4.552,0.0342134907841682
4.554,0.028703585267067
4.556,0.0231936797499657
4.558,0.0176837742328644
4.56,0.0121738687157631
4.562,0.00115405768156052
4.564,0.00115405768156052
4.566,-0.00435584783554077
4.568,-0.0153756588697433
4.57,-0.0208855643868446
4.572,-0.0263954699039459
4.574,-0.0374152809381485
4.576,-0.0429251864552498
4.578,-0.0539449974894524
4.58,-0.0594549030065536
4.582,-0.0649648085236549
4.584,-0.0814945250749588
4.586,-0.0870044305920601
4.588,-0.0925143361091614
4.59,-0.103534147143364
4.592,-0.109044052660465
4.594,-0.114553958177567
4.596,-0.120063863694668
4.598,-0.125573769211769
4.6,-0.13108367472887
4.602,-0.13108367472887
4.604,-0.13108367472887
4.606,-0.13108367472887
4.608,-0.136593580245972
4.61,-0.13108367472887
4.612,-0.13108367472887
4.614,-0.13108367472887
4.616,-0.125573769211769
4.618,-0.125573769211769
4.62,-0.125573769211769
4.622,-0.120063863694668
4.624,-0.120063863694668
4.626,-0.120063863694668
4.628,-0.114553958177567
4.63,-0.114553958177567
4.632,-0.109044052660465
4.634,-0.109044052660465
4.636,-0.103534147143364
4.638,-0.0925143361091614
4.64,-0.0870044305920601
4.642,-0.0925143361091614
4.644,-0.0870044305920601
4.646,-0.0759846195578575
4.648,-0.0759846195578575
4.65,-0.0704747140407562
4.652,-0.0649648085236549
4.654,-0.0594549030065536
4.656,-0.0539449974894524
4.658,-0.0484350919723511
4.66,-0.0484350919723511
4.662,-0.0374152809381485
4.664,-0.0319053754210472
4.666,-0.0263954699039459
4.668,-0.0208855643868446
4.67,-0.0153756588697433
4.672,-0.00986575335264206
4.674,0.00115405768156052
4.676,0.00115405768156052
4.678,0.0121738687157631
4.68,0.0176837742328644
4.682,0.0231936797499657
4.684,0.028703585267067
4.686,0.0342134907841682
4.688,0.0452333018183708
4.69,0.0452333018183708
4.692,0.0562531128525734
4.694,0.067272923886776
4.696,0.0727828294038773
4.698,0.0782927349209785
4.7,0.0838026404380798
4.702,0.0893125459551811
4.704,0.0948224514722824
4.706,0.100332356989384
4.708,0.100332356989384
4.71,0.105842262506485
4.712,0.105842262506485
4.714,0.105842262506485
4.716,0.105842262506485
4.718,0.0948224514722824
4.72,0.0948224514722824
4.722,0.0948224514722824
4.724,0.0838026404380798
4.726,0.0782927349209785
4.728,0.0782927349209785
4.73,0.067272923886776
4.732,0.0617630183696747
4.734,0.0562531128525734
4.736,0.0507432073354721
4.738,0.0452333018183708
4.74,0.0397233963012695
4.742,0.0397233963012695
4.744,0.0342134907841682
4.746,0.0342134907841682
4.748,0.028703585267067
4.75,0.028703585267067
4.752,0.028703585267067
4.754,0.028703585267067
4.756,0.028703585267067
4.758,0.0231936797499657
4.76,0.0231936797499657
4.762,0.028703585267067
4.764,0.0231936797499657
4.766,0.028703585267067
4.768,0.0342134907841682
4.77,0.0397233963012695
4.772,0.0397233963012695
4.774,0.0397233963012695
4.776,0.0397233963012695
4.778,0.0507432073354721
4.78,0.0507432073354721
4.782,0.0562531128525734
4.784,0.0617630183696747
4.786,0.067272923886776
4.788,0.067272923886776
4.79,0.0727828294038773
4.792,0.0727828294038773
4.794,0.0727828294038773
4.796,0.0782927349209785
4.798,0.0782927349209785
4.8,0.0838026404380798
4.802,0.0838026404380798
4.804,0.0893125459551811
4.806,0.0838026404380798
4.808,0.0838026404380798
4.81,0.0782927349209785
4.812,0.0782927349209785
4.814,0.0727828294038773
4.816,0.067272923886776
4.818,0.067272923886776
4.82,0.0617630183696747
4.822,0.0617630183696747
4.824,0.0562531128525734
4.826,0.0507432073354721
4.828,0.0452333018183708
4.83,0.0397233963012695
4.832,0.0397233963012695
4.834,0.028703585267067
4.836,0.028703585267067
4.838,0.0231936797499657
4.84,0.0176837742328644
4.842,0.0121738687157631
4.844,0.00115405768156052
4.846,-0.00435584783554077
4.848,-0.00435584783554077
4.85,-0.0153756588697433
4.852,-0.0208855643868446
4.854,-0.0319053754210472
4.856,-0.0374152809381485
4.858,-0.0429251864552498
4.86,-0.0539449974894524
4.862,-0.0594549030065536
4.864,-0.0704747140407562
4.866,-0.0814945250749588
4.868,-0.0870044305920601
4.87,-0.0925143361091614
4.872,-0.0980242416262627
4.874,-0.103534147143364
4.876,-0.109044052660465
4.878,-0.114553958177567
4.88,-0.120063863694668
4.882,-0.120063863694668
4.884,-0.120063863694668
4.886,-0.125573769211769
4.888,-0.125573769211769
4.89,-0.125573769211769
4.892,-0.125573769211769
4.894,-0.120063863694668
4.896,-0.120063863694668
4.898,-0.120063863694668
4.9,-0.120063863694668
4.902,-0.114553958177567
4.904,-0.114553958177567
4.906,-0.114553958177567
4.908,-0.114553958177567
4.91,-0.109044052660465
4.912,-0.103534147143364
4.914,-0.103534147143364
4.916,-0.103534147143364
4.918,-0.0980242416262627
4.92,-0.0925143361091614
4.922,-0.0925143361091614
4.924,-0.0870044305920601
4.926,-0.0870044305920601
4.928,-0.0814945250749588
4.93,-0.0759846195578575
4.932,-0.0704747140407562
4.934,-0.0649648085236549
4.936,-0.0649648085236549
4.938,-0.0594549030065536
4.94,-0.0484350919723511
4.942,-0.0429251864552498
4.944,-0.0429251864552498
4.946,-0.0374152809381485
4.948,-0.0319053754210472
4.95,-0.0208855643868446
4.952,-0.0153756588697433
4.954,-0.0153756588697433
4.956,-0.00986575335264206
4.958,0.00115405768156052
4.96,0.00115405768156052
4.962,0.0176837742328644
4.964,0.0176837742328644
4.966,0.0231936797499657
4.968,0.0342134907841682
4.97,0.0397233963012695
4.972,0.0452333018183708
4.974,0.0562531128525734
4.976,0.067272923886776
4.978,0.0727828294038773
4.98,0.0838026404380798
4.982,0.0893125459551811
4.984,0.100332356989384
4.986,0.100332356989384
4.988,0.111352168023586
4.99,0.116862073540688
4.992,0.122371979057789
4.994,0.122371979057789
4.996,0.12788188457489
4.998,0.12788188457489
5.0,0.133391790091991
5.002,0.133391790091991
5.004,0.133391790091991
5.006,0.133391790091991
5.008,0.12788188457489
5.01,0.133391790091991
5.012,0.12788188457489
5.014,0.12788188457489
5.016,0.122371979057789
5.018,0.122371979057789
5.02,0.122371979057789
5.022,0.116862073540688
5.024,0.116862073540688
5.026,0.116862073540688
5.028,0.116862073540688
5.03,0.111352168023586
5.032,0.111352168023586
5.034,0.100332356989384
5.036,0.100332356989384
5.038,0.100332356989384
5.04,0.0948224514722824
5.042,0.0893125459551811
5.044,0.0838026404380798
5.046,0.0838026404380798
5.048,0.0782927349209785
5.05,0.067272923886776
5.052,0.0617630183696747
5.054,0.0562531128525734
5.056,0.0562531128525734
5.058,0.0452333018183708
5.06,0.0397233963012695
5.062,0.0397233963012695
5.064,0.0342134907841682
5.066,0.0231936797499657
5.068,0.0176837742328644
5.07,0.0176837742328644
5.072,0.0066639631986618
5.074,0.00115405768156052
5.076,0.00115405768156052
5.078,-0.00986575335264206
5.08,-0.0153756588697433
5.082,-0.0263954699039459
5.084,-0.0319053754210472
5.086,-0.0374152809381485
5.088,-0.0484350919723511
5.09,-0.0539449974894524
5.092,-0.0649648085236549
5.094,-0.0704747140407562
5.096,-0.0814945250749588
5.098,-0.0925143361091614
5.1,-0.0980242416262627
5.102,-0.103534147143364
5.104,-0.109044052660465
5.106,-0.109044052660465
5.108,-0.120063863694668
5.11,-0.125573769211769
5.112,-0.125573769211769
5.114,-0.125573769211769
5.116,-0.13108367472887
5.118,-0.13108367472887
5.12,-0.13108367472887
5.122,-0.13108367472887
5.124,-0.13108367472887
5.126,-0.125573769211769
5.128,-0.125573769211769
5.13,-0.125573769211769
5.132,-0.125573769211769
5.134,-0.120063863694668
5.136,-0.120063863694668
5.138,-0.120063863694668
5.14,-0.114553958177567
5.142,-0.114553958177567
5.144,-0.109044052660465
5.146,-0.109044052660465
5.148,-0.103534147143364
5.15,-0.103534147143364
5.152,-0.0980242416262627
5.154,-0.0925143361091614
5.156,-0.0870044305920601
5.158,-0.0814945250749588
5.16,-0.0814945250749588
5.162,-0.0814945250749588
5.164,-0.0704747140407562
5.166,-0.0649648085236549
5.168,-0.0594549030065536
5.17,-0.0484350919723511
5.172,-0.0484350919723511
5.174,-0.0429251864552498
5.176,-0.0374152809381485
5.178,-0.0319053754210472
5.18,-0.0208855643868446
5.182,-0.0208855643868446
5.184,-0.0153756588697433
5.186,-0.00986575335264206
5.188,-0.00435584783554077
5.19,0.00115405768156052
5.192,0.0066639631986618
5.194,0.0176837742328644
5.196,0.0231936797499657
5.198,0.028703585267067
5.2,0.0397233963012695
5.202,0.0397233963012695
5.204,0.0507432073354721
5.206,0.0617630183696747
5.208,0.0727828294038773
5.21,0.0782927349209785
5.212,0.0838026404380798
5.214,0.0948224514722824
5.216,0.0948224514722824
5.218,0.105842262506485
5.22,0.111352168023586
5.222,0.122371979057789
5.224,0.122371979057789
5.226,0.12788188457489
5.228,0.133391790091991
5.23,0.133391790091991
5.232,0.138901695609093
5.234,0.144411601126194
5.236,0.138901695609093
5.238,0.138901695609093
5.24,0.138901695609093
5.242,0.133391790091991
5.244,0.133391790091991
5.246,0.12788188457489
5.248,0.12788188457489
5.25,0.12788188457489
5.252,0.122371979057789
5.254,0.122371979057789
5.256,0.122371979057789
5.258,0.111352168023586
5.26,0.111352168023586
5.262,0.111352168023586
5.264,0.105842262506485
5.266,0.105842262506485
5.268,0.100332356989384
5.27,0.0948224514722824
5.272,0.0948224514722824
5.274,0.0893125459551811
5.276,0.0838026404380798
5.278,0.0727828294038773
5.28,0.0727828294038773
5.282,0.067272923886776
5.284,0.067272923886776
5.286,0.0562531128525734
5.288,0.0507432073354721
5.29,0.0507432073354721
5.292,0.0452333018183708
5.294,0.0397233963012695
5.296,0.0342134907841682
5.298,0.028703585267067
5.3,0.0231936797499657
5.302,0.0176837742328644
5.304,0.0121738687157631
5.306,0.0066639631986618
5.308,0.00115405768156052
5.31,-0.00435584783554077
5.312,-0.00986575335264206
5.314,-0.0208855643868446
5.316,-0.0208855643868446
5.318,-0.0319053754210472
5.32,-0.0374152809381485
5.322,-0.0429251864552498
5.324,-0.0539449974894524
5.326,-0.0594549030065536
5.328,-0.0649648085236549
5.33,-0.0759846195578575
5.332,-0.0814945250749588
5.334,-0.0870044305920601
5.336,-0.0925143361091614
5.338,-0.103534147143364
5.34,-0.109044052660465
5.342,-0.109044052660465
5.344,-0.114553958177567
5.346,-0.120063863694668
5.348,-0.125573769211769
5.35,-0.125573769211769
5.352,-0.125573769211769
5.354,-0.125573769211769
5.356,-0.125573769211769
5.358,-0.125573769211769
5.36,-0.125573769211769
5.362,-0.125573769211769
5.364,-0.125573769211769
5.366,-0.120063863694668
5.368,-0.120063863694668
5.37,-0.114553958177567
5.372,-0.114553958177567
5.374,-0.114553958177567
5.376,-0.109044052660465
5.378,-0.109044052660465
5.38,-0.103534147143364
5.382,-0.0980242416262627
5.384,-0.0980242416262627
5.386,-0.0925143361091614
5.388,-0.0870044305920601
5.39,-0.0870044305920601
5.392,-0.0814945250749588
5.394,-0.0814945250749588
5.396,-0.0759846195578575
5.398,-0.0649648085236549
5.4,-0.0649648085236549
5.402,-0.0594549030065536
5.404,-0.0539449974894524
5.406,-0.0539449974894524
5.408,-0.0484350919723511
5.41,-0.0374152809381485
5.412,-0.0374152809381485
5.414,-0.0319053754210472
5.416,-0.0263954699039459
5.418,-0.0208855643868446
5.42,-0.0153756588697433
5.422,-0.00986575335264206
5.424,-0.00435584783554077
5.426,0.00115405768156052
5.428,0.0066639631986618
5.43,0.0121738687157631
5.432,0.0176837742328644
5.434,0.0231936797499657
5.436,0.028703585267067
5.438,0.0397233963012695
5.44,0.0397233963012695
5.442,0.0452333018183708
5.444,0.0562531128525734
5.446,0.0617630183696747
5.448,0.067272923886776
5.45,0.0727828294038773
5.452,0.0838026404380798
5.454,0.0838026404380798
5.456,0.0893125459551811
5.458,0.0948224514722824
5.46,0.0948224514722824
5.462,0.100332356989384
5.464,0.0948224514722824
5.466,0.100332356989384
5.468,0.0948224514722824
5.47,0.0948224514722824
5.472,0.0948224514722824
5.474,0.0893125459551811
5.476,0.0838026404380798
5.478,0.0838026404380798
5.48,0.0782927349209785
5.482,0.0727828294038773
5.484,0.067272923886776
5.486,0.0617630183696747
5.488,0.0562531128525734
5.49,0.0562531128525734
5.492,0.0452333018183708
5.494,0.0452333018183708
5.496,0.0397233963012695
5.498,0.0397233963012695
5.5,0.0342134907841682
5.502,0.0342134907841682
5.504,0.028703585267067
5.506,0.0231936797499657
5.508,0.0231936797499657
5.51,0.0231936797499657
5.512,0.0231936797499657
5.514,0.028703585267067
5.516,0.0231936797499657
5.518,0.028703585267067
5.52,0.028703585267067
5.522,0.0231936797499657
5.524,0.0342134907841682
5.526,0.028703585267067
5.528,0.0342134907841682
5.53,0.0397233963012695
5.532,0.0452333018183708
5.534,0.0397233963012695
5.536,0.0452333018183708
5.538,0.0452333018183708
5.54,0.0507432073354721
5.542,0.0562531128525734
5.544,0.0617630183696747
5.546,0.067272923886776
5.548,0.067272923886776
5.55,0.067272923886776
5.552,0.0727828294038773
5.554,0.0782927349209785
5.556,0.0727828294038773
5.558,0.0838026404380798
5.56,0.0782927349209785
5.562,0.0782927349209785
5.564,0.0727828294038773
5.566,0.0782927349209785
5.568,0.0727828294038773
5.57,0.067272923886776
5.572,0.0727828294038773
5.574,0.0727828294038773
5.576,0.0617630183696747
5.578,0.0617630183696747
5.58,0.0562531128525734
5.582,0.0562531128525734
5.584,0.0507432073354721
5.586,0.0452333018183708
5.588,0.0452333018183708
5.59,0.0397233963012695
5.592,0.0397233963012695
5.594,0.028703585267067
5.596,0.028703585267067
5.598,0.0231936797499657
5.6,0.0176837742328644
5.602,0.0121738687157631
5.604,0.0066639631986618
5.606,0.00115405768156052
5.608,-0.00435584783554077
5.61,-0.00986575335264206
5.612,-0.0153756588697433
5.614,-0.0208855643868446
5.616,-0.0263954699039459
5.618,-0.0374152809381485
5.62,-0.0429251864552498
5.622,-0.0484350919723511
5.624,-0.0594549030065536
5.626,-0.0649648085236549
5.628,-0.0704747140407562
5.63,-0.0759846195578575
5.632,-0.0870044305920601
5.634,-0.0870044305920601
5.636,-0.0925143361091614
5.638,-0.103534147143364
5.64,-0.109044052660465
5.642,-0.109044052660465
5.644,-0.109044052660465
5.646,-0.114553958177567
5.648,-0.120063863694668
5.65,-0.114553958177567
5.652,-0.120063863694668
5.654,-0.114553958177567
5.656,-0.120063863694668
5.658,-0.114553958177567
5.66,-0.120063863694668
5.662,-0.120063863694668
5.664,-0.114553958177567
5.666,-0.114553958177567
5.668,-0.109044052660465
5.67,-0.109044052660465
5.672,-0.109044052660465
5.674,-0.109044052660465
5.676,-0.103534147143364
5.678,-0.0980242416262627
5.68,-0.0980242416262627
5.682,-0.0980242416262627
5.684,-0.0925143361091614
5.686,-0.0870044305920601
5.688,-0.0870044305920601
5.69,-0.0814945250749588
5.692,-0.0814945250749588
5.694,-0.0759846195578575
5.696,-0.0704747140407562
5.698,-0.0649648085236549
5.7,-0.0649648085236549
5.702,-0.0594549030065536
5.704,-0.0539449974894524
5.706,-0.0484350919723511
5.708,-0.0429251864552498
5.71,-0.0429251864552498
5.712,-0.0374152809381485
5.714,-0.0319053754210472
5.716,-0.0263954699039459
5.718,-0.0208855643868446
5.72,-0.0208855643868446
5.722,-0.0153756588697433
5.724,-0.00435584783554077
5.726,0.00115405768156052
5.728,0.00115405768156052
5.73,0.0121738687157631
5.732,0.0231936797499657
5.734,0.0231936797499657
5.736,0.0342134907841682
5.738,0.0397233963012695
5.74,0.0452333018183708
5.742,0.0507432073354721
5.744,0.0617630183696747
5.746,0.067272923886776
5.748,0.0727828294038773
5.75,0.0782927349209785
5.752,0.0893125459551811
5.754,0.0948224514722824
5.756,0.100332356989384
5.758,0.105842262506485
5.76,0.111352168023586
5.762,0.116862073540688
5.764,0.116862073540688
5.766,0.122371979057789
5.768,0.122371979057789
5.77,0.122371979057789
5.772,0.12788188457489
5.774,0.12788188457489
5.776,0.122371979057789
5.778,0.12788188457489
5.78,0.122371979057789
5.782,0.122371979057789
5.784,0.122371979057789
5.786,0.122371979057789
5.788,0.116862073540688
5.79,0.116862073540688
5.792,0.116862073540688
5.794,0.116862073540688
5.796,0.111352168023586
5.798,0.111352168023586
5.8,0.105842262506485
5.802,0.105842262506485
5.804,0.105842262506485
5.806,0.0948224514722824
5.808,0.100332356989384
5.81,0.0893125459551811
5.812,0.0893125459551811
5.814,0.0893125459551811
5.816,0.0838026404380798
5.818,0.0782927349209785
5.82,0.0727828294038773
5.822,0.067272923886776
5.824,0.067272923886776
5.826,0.0617630183696747
5.828,0.0562531128525734
5.83,0.0507432073354721
5.832,0.0452333018183708
5.834,0.0397233963012695
5.836,0.0342134907841682
5.838,0.0342134907841682
5.84,0.028703585267067
5.842,0.0231936797499657
5.844,0.0176837742328644
5.846,0.0121738687157631
5.848,0.00115405768156052
5.85,0.00115405768156052
5.852,-0.00986575335264206
5.854,-0.0153756588697433
5.856,-0.0208855643868446
5.858,-0.0263954699039459
5.86,-0.0319053754210472
5.862,-0.0429251864552498
5.864,-0.0429251864552498
5.866,-0.0539449974894524
5.868,-0.0649648085236549
5.87,-0.0704747140407562
5.872,-0.0759846195578575
5.874,-0.0814945250749588
5.876,-0.0870044305920601
5.878,-0.0925143361091614
5.88,-0.103534147143364
5.882,-0.103534147143364
5.884,-0.109044052660465
5.886,-0.120063863694668
5.888,-0.114553958177567
5.89,-0.120063863694668
5.892,-0.120063863694668
5.894,-0.125573769211769
5.896,-0.120063863694668
5.898,-0.125573769211769
5.9,-0.125573769211769
5.902,-0.120063863694668
5.904,-0.120063863694668
5.906,-0.120063863694668
5.908,-0.120063863694668
5.91,-0.114553958177567
5.912,-0.114553958177567
5.914,-0.114553958177567
5.916,-0.109044052660465
5.918,-0.109044052660465
5.92,-0.109044052660465
5.922,-0.103534147143364
5.924,-0.103534147143364
5.926,-0.0980242416262627
5.928,-0.0925143361091614
5.93,-0.0925143361091614
5.932,-0.0870044305920601
5.934,-0.0870044305920601
5.936,-0.0814945250749588
5.938,-0.0814945250749588
5.94,-0.0759846195578575
5.942,-0.0704747140407562
5.944,-0.0649648085236549
5.946,-0.0649648085236549
5.948,-0.0539449974894524
5.95,-0.0539449974894524
5.952,-0.0484350919723511
5.954,-0.0429251864552498
5.956,-0.0374152809381485
5.958,-0.0374152809381485
5.96,-0.0319053754210472
5.962,-0.0208855643868446
5.964,-0.0208855643868446
5.966,-0.0153756588697433
5.968,-0.00986575335264206
5.97,-0.00435584783554077
5.972,0.00115405768156052
5.974,0.0066639631986618
5.976,0.0121738687157631
5.978,0.0231936797499657
5.98,0.0231936797499657
5.982,0.028703585267067
5.984,0.0397233963012695
5.986,0.0452333018183708
5.988,0.0507432073354721
5.99,0.0617630183696747
5.992,0.067272923886776
5.994,0.0727828294038773
5.996,0.0782927349209785
5.998,0.0893125459551811
6.0,0.0893125459551811
6.002,0.100332356989384
6.004,0.105842262506485
6.006,0.111352168023586
6.008,0.116862073540688
6.01,0.116862073540688
6.012,0.122371979057789
6.014,0.12788188457489
6.016,0.133391790091991
6.018,0.12788188457489
6.02,0.12788188457489
6.022,0.12788188457489
6.024,0.12788188457489
6.026,0.12788188457489
6.028,0.12788188457489
6.03,0.122371979057789
6.032,0.122371979057789
6.034,0.116862073540688
6.036,0.116862073540688
6.038,0.116862073540688
6.04,0.116862073540688
6.042,0.111352168023586
6.044,0.111352168023586
6.046,0.105842262506485
6.048,0.105842262506485
6.05,0.100332356989384
6.052,0.100332356989384
6.054,0.100332356989384
6.056,0.0948224514722824
6.058,0.0893125459551811
6.06,0.0838026404380798
6.062,0.0782927349209785
6.064,0.0782927349209785
6.066,0.0782927349209785
6.068,0.0727828294038773
6.07,0.067272923886776
6.072,0.067272923886776
6.074,0.0562531128525734
6.076,0.0507432073354721
6.078,0.0507432073354721
6.08,0.0452333018183708
6.082,0.0452333018183708
6.084,0.0342134907841682
6.086,0.0342134907841682
6.088,0.028703585267067
6.09,0.0231936797499657
6.092,0.0176837742328644
6.094,0.0121738687157631
6.096,0.0121738687157631
6.098,0.00115405768156052
6.1,-0.00435584783554077
6.102,-0.00986575335264206
6.104,-0.0153756588697433
6.106,-0.0208855643868446
6.108,-0.0263954699039459
6.11,-0.0319053754210472
6.112,-0.0429251864552498
6.114,-0.0484350919723511
6.116,-0.0539449974894524
6.118,-0.0594549030065536
6.12,-0.0649648085236549
6.122,-0.0759846195578575
6.124,-0.0814945250749588
6.126,-0.0870044305920601
6.128,-0.0925143361091614
6.13,-0.103534147143364
6.132,-0.103534147143364
6.134,-0.109044052660465
6.136,-0.114553958177567
6.138,-0.114553958177567
6.14,-0.114553958177567
6.142,-0.120063863694668
6.144,-0.125573769211769
6.146,-0.120063863694668
6.148,-0.125573769211769
6.15,-0.125573769211769
6.152,-0.120063863694668
6.154,-0.120063863694668
6.156,-0.114553958177567
6.158,-0.114553958177567
6.16,-0.114553958177567
6.162,-0.114553958177567
6.164,-0.103534147143364
6.166,-0.109044052660465
6.168,-0.109044052660465
6.17,-0.103534147143364
6.172,-0.0980242416262627
6.174,-0.0980242416262627
6.176,-0.0980242416262627
6.178,-0.0925143361091614
6.18,-0.0870044305920601
6.182,-0.0870044305920601
6.184,-0.0814945250749588
6.186,-0.0814945250749588
6.188,-0.0704747140407562
6.19,-0.0704747140407562
6.192,-0.0649648085236549
6.194,-0.0649648085236549
6.196,-0.0594549030065536
6.198,-0.0539449974894524
6.2,-0.0484350919723511
6.202,-0.0429251864552498
6.204,-0.0429251864552498
6.206,-0.0374152809381485
6.208,-0.0319053754210472
6.21,-0.0319053754210472
6.212,-0.0208855643868446
6.214,-0.0208855643868446
6.216,-0.0208855643868446
6.218,-0.00986575335264206
6.22,-0.00435584783554077
6.222,0.00115405768156052
6.224,0.0066639631986618
6.226,0.0066639631986618
6.228,0.0066639631986618
6.23,0.0176837742328644
6.232,0.0231936797499657
6.234,0.028703585267067
6.236,0.0342134907841682
6.238,0.0342134907841682
6.24,0.0452333018183708
6.242,0.0507432073354721
6.244,0.0507432073354721
6.246,0.0617630183696747
6.248,0.067272923886776
6.25,0.0727828294038773
6.252,0.0782927349209785
6.254,0.0782927349209785
6.256,0.0838026404380798
6.258,0.0838026404380798
6.26,0.0893125459551811
6.262,0.0893125459551811
6.264,0.0893125459551811
6.266,0.0893125459551811
6.268,0.0893125459551811
6.27,0.0893125459551811
6.272,0.0893125459551811
6.274,0.0893125459551811
6.276,0.0782927349209785
6.278,0.0782927349209785
6.28,0.0727828294038773
6.282,0.0727828294038773
6.284,0.0617630183696747
6.286,0.0617630183696747
6.288,0.0562531128525734
6.29,0.0507432073354721
6.292,0.0452333018183708
6.294,0.0452333018183708
6.296,0.0452333018183708
6.298,0.0397233963012695
6.3,0.0342134907841682
6.302,0.028703585267067
6.304,0.028703585267067
6.306,0.028703585267067
6.308,0.0231936797499657
6.31,0.0231936797499657
6.312,0.0231936797499657
6.314,0.0231936797499657
6.316,0.0231936797499657
6.318,0.0231936797499657
6.32,0.0231936797499657
6.322,0.028703585267067
6.324,0.028703585267067
6.326,0.028703585267067
6.328,0.028703585267067
6.33,0.028703585267067
6.332,0.0342134907841682
6.334,0.0342134907841682
6.336,0.0397233963012695
6.338,0.0397233963012695
6.34,0.0397233963012695
6.342,0.0452333018183708
6.344,0.0507432073354721
6.346,0.0507432073354721
6.348,0.0562531128525734
6.35,0.0562531128525734
6.352,0.0617630183696747
6.354,0.067272923886776
6.356,0.0727828294038773
6.358,0.067272923886776
6.36,0.0727828294038773
6.362,0.0727828294038773
6.364,0.0727828294038773
6.366,0.0727828294038773
6.368,0.0727828294038773
6.37,0.0782927349209785
6.372,0.0727828294038773
6.374,0.0727828294038773
6.376,0.067272923886776
6.378,0.067272923886776
6.38,0.0727828294038773
6.382,0.067272923886776
6.384,0.0617630183696747
6.386,0.0617630183696747
6.388,0.0562531128525734
6.39,0.0507432073354721
6.392,0.0507432073354721
6.394,0.0452333018183708
6.396,0.0397233963012695
6.398,0.0397233963012695
6.4,0.0342134907841682
6.402,0.0342134907841682
6.404,0.028703585267067
6.406,0.0231936797499657
6.408,0.0176837742328644
6.41,0.0121738687157631
6.412,0.0121738687157631
6.414,0.0066639631986618
6.416,0.00115405768156052
6.418,-0.00435584783554077
6.42,-0.00986575335264206
6.422,-0.0153756588697433
6.424,-0.0208855643868446
6.426,-0.0263954699039459
6.428,-0.0319053754210472
6.43,-0.0374152809381485
6.432,-0.0429251864552498
6.434,-0.0484350919723511
6.436,-0.0594549030065536
6.438,-0.0649648085236549
6.44,-0.0704747140407562
6.442,-0.0759846195578575
6.444,-0.0814945250749588
6.446,-0.0870044305920601
6.448,-0.0925143361091614
6.45,-0.0980242416262627
6.452,-0.103534147143364
6.454,-0.109044052660465
6.456,-0.109044052660465
6.458,-0.109044052660465
6.46,-0.114553958177567
6.462,-0.114553958177567
6.464,-0.114553958177567
6.466,-0.114553958177567
6.468,-0.114553958177567
6.47,-0.114553958177567
6.472,-0.109044052660465
6.474,-0.109044052660465
6.476,-0.114553958177567
6.478,-0.103534147143364
6.48,-0.109044052660465
6.482,-0.103534147143364
6.484,-0.103534147143364
6.486,-0.103534147143364
6.488,-0.103534147143364
6.49,-0.0980242416262627
6.492,-0.0980242416262627
6.494,-0.0925143361091614
6.496,-0.0925143361091614
6.498,-0.0925143361091614
6.5,-0.0870044305920601
6.502,-0.0870044305920601
6.504,-0.0870044305920601
6.506,-0.0814945250749588
6.508,-0.0759846195578575
6.51,-0.0704747140407562
6.512,-0.0704747140407562
6.514,-0.0649648085236549
6.516,-0.0594549030065536
6.518,-0.0594549030065536
6.52,-0.0539449974894524
6.522,-0.0539449974894524
6.524,-0.0429251864552498
6.526,-0.0429251864552498
6.528,-0.0374152809381485
6.53,-0.0319053754210472
6.532,-0.0319053754210472
6.534,-0.0263954699039459
6.536,-0.0208855643868446
6.538,-0.00986575335264206
6.54,-0.00986575335264206
6.542,-0.00435584783554077
6.544,0.00115405768156052
6.546,0.00115405768156052
6.548,0.0066639631986618
6.55,0.0176837742328644
6.552,0.0231936797499657
6.554,0.028703585267067
6.556,0.0342134907841682
6.558,0.0397233963012695
6.56,0.0452333018183708
6.562,0.0507432073354721
6.564,0.0617630183696747
6.566,0.067272923886776
6.568,0.0782927349209785
6.57,0.0838026404380798
6.572,0.0893125459551811
6.574,0.0893125459551811
6.576,0.0948224514722824
6.578,0.105842262506485
6.58,0.111352168023586
6.582,0.111352168023586
6.584,0.116862073540688
6.586,0.116862073540688
6.588,0.122371979057789
6.59,0.122371979057789
6.592,0.12788188457489
6.594,0.116862073540688
6.596,0.122371979057789
6.598,0.122371979057789
6.6,0.116862073540688
6.602,0.122371979057789
6.604,0.116862073540688
6.606,0.122371979057789
6.608,0.116862073540688
6.61,0.116862073540688
6.612,0.116862073540688
6.614,0.111352168023586
6.616,0.111352168023586
6.618,0.111352168023586
6.62,0.111352168023586
6.622,0.111352168023586
6.624,0.105842262506485
6.626,0.105842262506485
6.628,0.100332356989384
6.63,0.0948224514722824
6.632,0.0948224514722824
6.634,0.0893125459551811
6.636,0.0838026404380798
6.638,0.0838026404380798
6.64,0.0838026404380798
6.642,0.0727828294038773
6.644,0.0727828294038773
6.646,0.067272923886776
6.648,0.0617630183696747
6.65,0.0562531128525734
6.652,0.0562531128525734
6.654,0.0507432073354721
6.656,0.0452333018183708
6.658,0.0452333018183708
6.66,0.0397233963012695
6.662,0.0342134907841682
6.664,0.028703585267067
6.666,0.0231936797499657
6.668,0.0176837742328644
6.67,0.0176837742328644
6.672,0.0066639631986618
6.674,0.0066639631986618
6.676,0.00115405768156052
6.678,-0.00986575335264206
6.68,-0.00986575335264206
6.682,-0.0153756588697433
6.684,-0.0208855643868446
6.686,-0.0263954699039459
6.688,-0.0374152809381485
6.69,-0.0429251864552498
6.692,-0.0484350919723511
6.694,-0.0539449974894524
6.696,-0.0594549030065536
6.698,-0.0649648085236549
6.7,-0.0759846195578575
6.702,-0.0814945250749588
6.704,-0.0870044305920601
6.706,-0.0925143361091614
6.708,-0.0980242416262627
6.71,-0.103534147143364
6.712,-0.109044052660465
6.714,-0.109044052660465
6.716,-0.114553958177567
6.718,-0.114553958177567
6.72,-0.120063863694668
6.722,-0.120063863694668
6.724,-0.125573769211769
6.726,-0.120063863694668
6.728,-0.120063863694668
6.73,-0.120063863694668
6.732,-0.114553958177567
6.734,-0.114553958177567
6.736,-0.120063863694668
6.738,-0.114553958177567
6.74,-0.114553958177567
6.742,-0.114553958177567
6.744,-0.109044052660465
6.746,-0.103534147143364
6.748,-0.103534147143364
6.75,-0.103534147143364
6.752,-0.103534147143364
6.754,-0.103534147143364
6.756,-0.0980242416262627
6.758,-0.0980242416262627
6.76,-0.0925143361091614
6.762,-0.0870044305920601
6.764,-0.0814945250749588
6.766,-0.0814945250749588
6.768,-0.0814945250749588
6.77,-0.0759846195578575
6.772,-0.0704747140407562
6.774,-0.0704747140407562
6.776,-0.0649648085236549
6.778,-0.0594549030065536
6.78,-0.0594549030065536
6.782,-0.0539449974894524
6.784,-0.0484350919723511
6.786,-0.0484350919723511
6.788,-0.0429251864552498
6.79,-0.0374152809381485
6.792,-0.0319053754210472
6.794,-0.0263954699039459
6.796,-0.0263954699039459
6.798,-0.0208855643868446
6.8,-0.0208855643868446
6.802,-0.00986575335264206
6.804,-0.00986575335264206
6.806,0.00115405768156052
6.808,0.0066639631986618
6.81,0.0066639631986618
6.812,0.0176837742328644
6.814,0.0176837742328644
6.816,0.028703585267067
6.818,0.0342134907841682
6.82,0.0342134907841682
6.822,0.0452333018183708
6.824,0.0507432073354721
6.826,0.0562531128525734
6.828,0.0617630183696747
6.83,0.067272923886776
6.832,0.0782927349209785
6.834,0.0782927349209785
6.836,0.0893125459551811
6.838,0.0948224514722824
6.84,0.100332356989384
6.842,0.105842262506485
6.844,0.111352168023586
6.846,0.111352168023586
6.848,0.116862073540688
6.85,0.122371979057789
6.852,0.116862073540688
6.854,0.122371979057789
6.856,0.122371979057789
6.858,0.122371979057789
6.86,0.122371979057789
6.862,0.122371979057789
6.864,0.122371979057789
6.866,0.122371979057789
6.868,0.116862073540688
6.87,0.122371979057789
6.872,0.116862073540688
6.874,0.111352168023586
6.876,0.111352168023586
6.878,0.111352168023586
6.88,0.105842262506485
6.882,0.111352168023586
6.884,0.105842262506485
6.886,0.105842262506485
6.888,0.105842262506485
6.89,0.105842262506485
6.892,0.0948224514722824
6.894,0.0948224514722824
6.896,0.0893125459551811
6.898,0.0838026404380798
6.9,0.0893125459551811
6.902,0.0838026404380798
6.904,0.0782927349209785
6.906,0.0782927349209785
6.908,0.0727828294038773
6.91,0.067272923886776
6.912,0.0617630183696747
6.914,0.0562531128525734
6.916,0.0562531128525734
6.918,0.0507432073354721
6.92,0.0452333018183708
6.922,0.0452333018183708
6.924,0.0452333018183708
6.926,0.0397233963012695
6.928,0.0342134907841682
6.93,0.028703585267067
6.932,0.0231936797499657
6.934,0.0176837742328644
6.936,0.0176837742328644
6.938,0.0121738687157631
6.94,0.0066639631986618
6.942,0.00115405768156052
6.944,0.00115405768156052
6.946,-0.00986575335264206
6.948,-0.0153756588697433
6.95,-0.0208855643868446
6.952,-0.0263954699039459
6.954,-0.0319053754210472
6.956,-0.0319053754210472
6.958,-0.0429251864552498
6.96,-0.0484350919723511
6.962,-0.0594549030065536
6.964,-0.0594549030065536
6.966,-0.0649648085236549
6.968,-0.0704747140407562
6.97,-0.0814945250749588
6.972,-0.0814945250749588
6.974,-0.0925143361091614
6.976,-0.0980242416262627
6.978,-0.103534147143364
6.98,-0.103534147143364
6.982,-0.103534147143364
6.984,-0.109044052660465
6.986,-0.109044052660465
6.988,-0.114553958177567
6.99,-0.114553958177567
6.992,-0.114553958177567
6.994,-0.114553958177567
6.996,-0.114553958177567
6.998,-0.114553958177567
7.0,-0.114553958177567
7.002,-0.114553958177567
7.004,-0.109044052660465
7.006,-0.109044052660465
7.008,-0.109044052660465
7.01,-0.109044052660465
7.012,-0.103534147143364
7.014,-0.103534147143364
7.016,-0.0980242416262627
7.018,-0.0980242416262627
7.02,-0.0980242416262627
7.022,-0.0925143361091614
7.024,-0.0980242416262627
7.026,-0.0925143361091614
7.028,-0.0870044305920601
7.03,-0.0814945250749588
7.032,-0.0814945250749588
7.034,-0.0814945250749588
7.036,-0.0759846195578575
7.038,-0.0759846195578575
7.04,-0.0704747140407562
7.042,-0.0649648085236549
7.044,-0.0649648085236549
7.046,-0.0594549030065536
7.048,-0.0594549030065536
7.05,-0.0484350919723511
7.052,-0.0484350919723511
7.054,-0.0429251864552498
7.056,-0.0429251864552498
7.058,-0.0319053754210472
7.06,-0.0319053754210472
7.062,-0.0263954699039459
7.064,-0.0263954699039459
7.066,-0.0208855643868446
7.068,-0.0153756588697433
7.07,-0.0153756588697433
7.072,-0.00986575335264206
7.074,-0.00435584783554077
7.076,0.00115405768156052
7.078,0.00115405768156052
7.08,0.0066639631986618
7.082,0.0121738687157631
7.084,0.0176837742328644
7.086,0.0231936797499657
7.088,0.028703585267067
7.09,0.0342134907841682
7.092,0.0397233963012695
7.094,0.0397233963012695
7.096,0.0452333018183708
7.098,0.0507432073354721
7.1,0.0562531128525734
7.102,0.0617630183696747
7.104,0.067272923886776
7.106,0.067272923886776
7.108,0.0727828294038773
7.11,0.0727828294038773
7.112,0.0838026404380798
7.114,0.0838026404380798
7.116,0.0893125459551811
7.118,0.0893125459551811
7.12,0.0893125459551811
7.122,0.0893125459551811
7.124,0.0893125459551811
7.126,0.0893125459551811
7.128,0.0893125459551811
7.13,0.0838026404380798
7.132,0.0838026404380798
7.134,0.0782927349209785
7.136,0.0727828294038773
7.138,0.0727828294038773
7.14,0.067272923886776
7.142,0.067272923886776
7.144,0.0617630183696747
7.146,0.0562531128525734
7.148,0.0507432073354721
7.15,0.0452333018183708
7.152,0.0452333018183708
7.154,0.0397233963012695
7.156,0.0397233963012695
7.158,0.0342134907841682
7.16,0.0342134907841682
7.162,0.0342134907841682
7.164,0.0231936797499657
7.166,0.0231936797499657
7.168,0.0231936797499657
7.17,0.0231936797499657
7.172,0.0231936797499657
7.174,0.0231936797499657
7.176,0.0176837742328644
7.178,0.0231936797499657
7.18,0.0231936797499657
7.182,0.0176837742328644
7.184,0.0231936797499657
7.186,0.0231936797499657
7.188,0.028703585267067
7.19,0.028703585267067
7.192,0.028703585267067
7.194,0.028703585267067
7.196,0.0397233963012695
7.198,0.0397233963012695
7.2,0.0342134907841682
7.202,0.0397233963012695
7.204,0.0452333018183708
7.206,0.0507432073354721
7.208,0.0507432073354721
7.21,0.0507432073354721
7.212,0.0562531128525734
7.214,0.0562531128525734
7.216,0.0617630183696747
7.218,0.0617630183696747
7.22,0.067272923886776
7.222,0.067272923886776
7.224,0.067272923886776
7.226,0.067272923886776
7.228,0.067272923886776
7.23,0.0727828294038773
7.232,0.067272923886776
7.234,0.0727828294038773
7.236,0.0727828294038773
7.238,0.067272923886776
7.24,0.067272923886776
7.242,0.067272923886776
7.244,0.067272923886776
7.246,0.0617630183696747
7.248,0.0617630183696747
7.25,0.0617630183696747
7.252,0.0562531128525734
7.254,0.0562531128525734
7.256,0.0507432073354721
7.258,0.0507432073354721
7.26,0.0452333018183708
7.262,0.0397233963012695
7.264,0.0397233963012695
7.266,0.0342134907841682
7.268,0.0342134907841682
7.27,0.028703585267067
7.272,0.0231936797499657
7.274,0.0231936797499657
7.276,0.0231936797499657
7.278,0.0121738687157631
7.28,0.0066639631986618
7.282,0.0066639631986618
7.284,0.00115405768156052
7.286,0.00115405768156052
7.288,-0.00986575335264206
7.29,-0.00986575335264206
7.292,-0.0153756588697433
7.294,-0.0263954699039459
7.296,-0.0263954699039459
7.298,-0.0374152809381485
7.3,-0.0429251864552498
7.302,-0.0429251864552498
7.304,-0.0484350919723511
7.306,-0.0539449974894524
7.308,-0.0594549030065536
7.31,-0.0649648085236549
7.312,-0.0704747140407562
7.314,-0.0814945250749588
7.316,-0.0814945250749588
7.318,-0.0870044305920601
7.32,-0.0925143361091614
7.322,-0.0980242416262627
7.324,-0.0980242416262627
7.326,-0.103534147143364
7.328,-0.109044052660465
7.33,-0.109044052660465
7.332,-0.103534147143364
7.334,-0.103534147143364
7.336,-0.109044052660465
7.338,-0.103534147143364
7.34,-0.109044052660465
7.342,-0.103534147143364
7.344,-0.109044052660465
7.346,-0.103534147143364
7.348,-0.103534147143364
7.35,-0.103534147143364
7.352,-0.103534147143364
7.354,-0.0980242416262627
7.356,-0.0980242416262627
7.358,-0.0925143361091614
7.36,-0.0980242416262627
7.362,-0.0925143361091614
7.364,-0.0870044305920601
7.366,-0.0925143361091614
7.368,-0.0925143361091614
7.37,-0.0870044305920601
7.372,-0.0870044305920601
7.374,-0.0814945250749588
7.376,-0.0814945250749588
7.378,-0.0759846195578575
7.38,-0.0759846195578575
7.382,-0.0704747140407562
7.384,-0.0704747140407562
7.386,-0.0649648085236549
7.388,-0.0649648085236549
7.39,-0.0649648085236549
7.392,-0.0594549030065536
7.394,-0.0539449974894524
7.396,-0.0539449974894524
7.398,-0.0429251864552498
7.4,-0.0429251864552498
7.402,-0.0374152809381485
7.404,-0.0319053754210472
7.406,-0.0319053754210472
7.408,-0.0319053754210472
7.41,-0.0208855643868446
7.412,-0.0208855643868446
7.414,-0.0208855643868446
7.416,-0.0153756588697433
7.418,-0.00986575335264206
7.42,-0.00986575335264206
7.422,0.00115405768156052
7.424,0.00115405768156052
7.426,0.0121738687157631
7.428,0.0121738687157631
7.43,0.0121738687157631
7.432,0.0231936797499657
7.434,0.028703585267067
7.436,0.0342134907841682
7.438,0.0397233963012695
7.44,0.0452333018183708
7.442,0.0507432073354721
7.444,0.0562531128525734
7.446,0.0617630183696747
7.448,0.067272923886776
7.45,0.0727828294038773
7.452,0.0727828294038773
7.454,0.0838026404380798
7.456,0.0893125459551811
7.458,0.0948224514722824
7.46,0.0948224514722824
7.462,0.100332356989384
7.464,0.105842262506485
7.466,0.105842262506485
7.468,0.111352168023586
7.47,0.111352168023586
7.472,0.111352168023586
7.474,0.111352168023586
7.476,0.111352168023586
7.478,0.116862073540688
7.48,0.111352168023586
7.482,0.111352168023586
7.484,0.111352168023586
7.486,0.111352168023586
7.488,0.111352168023586
7.49,0.111352168023586
7.492,0.105842262506485
7.494,0.105842262506485
7.496,0.105842262506485
7.498,0.105842262506485
7.5,0.105842262506485
7.502,0.105842262506485
7.504,0.100332356989384
7.506,0.0948224514722824
7.508,0.100332356989384
7.51,0.0948224514722824
7.512,0.0893125459551811
7.514,0.0948224514722824
7.516,0.0893125459551811
7.518,0.0893125459551811
7.52,0.0838026404380798
7.522,0.0782927349209785
7.524,0.0782927349209785
7.526,0.0727828294038773
7.528,0.0727828294038773
7.53,0.067272923886776
7.532,0.0617630183696747
7.534,0.067272923886776
7.536,0.0562531128525734
7.538,0.0562531128525734
7.54,0.0507432073354721
7.542,0.0507432073354721
7.544,0.0397233963012695
7.546,0.0397233963012695
7.548,0.0342134907841682
7.55,0.0342134907841682
7.552,0.028703585267067
7.554,0.028703585267067
7.556,0.0231936797499657
7.558,0.0176837742328644
7.56,0.0121738687157631
7.562,0.0066639631986618
7.564,0.00115405768156052
7.566,0.00115405768156052
7.568,-0.00435584783554077
7.57,-0.00986575335264206
7.572,-0.0153756588697433
7.574,-0.0208855643868446
7.576,-0.0263954699039459
7.578,-0.0263954699039459
7.58,-0.0374152809381485
7.582,-0.0429251864552498
7.584,-0.0429251864552498
7.586,-0.0539449974894524
7.588,-0.0594549030065536
7.59,-0.0649648085236549
7.592,-0.0704747140407562
7.594,-0.0759846195578575
7.596,-0.0759846195578575
7.598,-0.0870044305920601
7.6,-0.0870044305920601
7.602,-0.0980242416262627
7.604,-0.0980242416262627
7.606,-0.103534147143364
7.608,-0.103534147143364
7.61,-0.109044052660465
7.612,-0.109044052660465
7.614,-0.109044052660465
7.616,-0.109044052660465
7.618,-0.109044052660465
7.62,-0.109044052660465
7.622,-0.109044052660465
7.624,-0.109044052660465
7.626,-0.109044052660465
7.628,-0.109044052660465
7.63,-0.103534147143364
7.632,-0.109044052660465
7.634,-0.109044052660465
7.636,-0.103534147143364
7.638,-0.103534147143364
7.64,-0.0980242416262627
7.642,-0.0980242416262627
7.644,-0.0980242416262627
7.646,-0.0980242416262627
7.648,-0.0980242416262627
7.65,-0.0925143361091614
7.652,-0.0925143361091614
7.654,-0.0870044305920601
7.656,-0.0870044305920601
7.658,-0.0814945250749588
7.66,-0.0814945250749588
7.662,-0.0759846195578575
7.664,-0.0814945250749588
7.666,-0.0759846195578575
7.668,-0.0704747140407562
7.67,-0.0704747140407562
7.672,-0.0594549030065536
7.674,-0.0594549030065536
7.676,-0.0539449974894524
7.678,-0.0539449974894524
7.68,-0.0484350919723511
7.682,-0.0429251864552498
7.684,-0.0429251864552498
7.686,-0.0429251864552498
7.688,-0.0319053754210472
7.69,-0.0319053754210472
7.692,-0.0263954699039459
7.694,-0.0208855643868446
7.696,-0.0208855643868446
7.698,-0.0153756588697433
7.7,-0.0153756588697433
7.702,-0.00986575335264206
7.704,-0.00435584783554077
7.706,-0.00435584783554077
7.708,0.0066639631986618
7.71,0.0066639631986618
7.712,0.0066639631986618
7.714,0.0121738687157631
7.716,0.0231936797499657
7.718,0.028703585267067
7.72,0.028703585267067
7.722,0.0397233963012695
7.724,0.0397233963012695
7.726,0.0452333018183708
7.728,0.0507432073354721
7.73,0.0562531128525734
7.732,0.0617630183696747
7.734,0.067272923886776
7.736,0.0727828294038773
7.738,0.0727828294038773
7.74,0.0838026404380798
7.742,0.0893125459551811
7.744,0.0948224514722824
7.746,0.0948224514722824
7.748,0.100332356989384
7.75,0.105842262506485
7.752,0.105842262506485
7.754,0.111352168023586
7.756,0.111352168023586
7.758,0.116862073540688
7.76,0.116862073540688
7.762,0.111352168023586
7.764,0.111352168023586
7.766,0.116862073540688
7.768,0.116862073540688
7.77,0.111352168023586
7.772,0.116862073540688
7.774,0.116862073540688
7.776,0.111352168023586
7.778,0.111352168023586
7.78,0.105842262506485
7.782,0.105842262506485
7.784,0.100332356989384
7.786,0.100332356989384
7.788,0.100332356989384
7.79,0.100332356989384
7.792,0.0948224514722824
7.794,0.0948224514722824
7.796,0.0948224514722824
7.798,0.0893125459551811
7.8,0.0893125459551811
7.802,0.0893125459551811
7.804,0.0838026404380798
7.806,0.0838026404380798
7.808,0.0782927349209785
7.81,0.0782927349209785
7.812,0.0727828294038773
7.814,0.0727828294038773
7.816,0.067272923886776
7.818,0.067272923886776
7.82,0.0617630183696747
7.822,0.0617630183696747
7.824,0.0562531128525734
7.826,0.0507432073354721
7.828,0.0507432073354721
7.83,0.0452333018183708
7.832,0.0452333018183708
7.834,0.0397233963012695
7.836,0.0397233963012695
7.838,0.028703585267067
7.84,0.028703585267067
7.842,0.0231936797499657
7.844,0.0231936797499657
7.846,0.0176837742328644
7.848,0.0176837742328644
7.85,0.0121738687157631
7.852,0.0066639631986618
7.854,0.00115405768156052
7.856,0.00115405768156052
7.858,-0.00435584783554077
7.86,-0.00986575335264206
7.862,-0.0153756588697433
7.864,-0.0153756588697433
7.866,-0.0208855643868446
7.868,-0.0263954699039459
7.87,-0.0319053754210472
7.872,-0.0374152809381485
7.874,-0.0429251864552498
7.876,-0.0484350919723511
7.878,-0.0539449974894524
7.88,-0.0594549030065536
7.882,-0.0649648085236549
7.884,-0.0704747140407562
7.886,-0.0759846195578575
7.888,-0.0759846195578575
7.89,-0.0814945250749588
7.892,-0.0870044305920601
7.894,-0.0870044305920601
7.896,-0.0980242416262627
7.898,-0.0980242416262627
7.9,-0.103534147143364
7.902,-0.103534147143364
7.904,-0.109044052660465
7.906,-0.109044052660465
7.908,-0.109044052660465
7.91,-0.109044052660465
7.912,-0.109044052660465
7.914,-0.103534147143364
7.916,-0.103534147143364
7.918,-0.103534147143364
7.92,-0.103534147143364
7.922,-0.103534147143364
7.924,-0.103534147143364
7.926,-0.103534147143364
7.928,-0.0980242416262627
7.93,-0.0980242416262627
7.932,-0.0980242416262627
7.934,-0.0980242416262627
7.936,-0.0925143361091614
7.938,-0.0870044305920601
7.94,-0.0870044305920601
7.942,-0.0870044305920601
7.944,-0.0814945250749588
7.946,-0.0814945250749588
7.948,-0.0759846195578575
7.95,-0.0814945250749588
7.952,-0.0759846195578575
7.954,-0.0704747140407562
7.956,-0.0704747140407562
7.958,-0.0704747140407562
7.96,-0.0704747140407562
7.962,-0.0649648085236549
7.964,-0.0594549030065536
7.966,-0.0539449974894524
7.968,-0.0539449974894524
7.97,-0.0539449974894524
7.972,-0.0429251864552498
7.974,-0.0429251864552498
7.976,-0.0429251864552498
7.978,-0.0374152809381485
7.98,-0.0374152809381485
7.982,-0.0263954699039459
7.984,-0.0319053754210472
7.986,-0.0263954699039459
7.988,-0.0208855643868446
7.99,-0.0208855643868446
7.992,-0.0153756588697433
7.994,-0.00986575335264206
7.996,-0.00986575335264206
7.998,-0.00435584783554077
