0,-0.18618273
0.002,-0.153123297
0.004,-0.120063864
0.006,-0.098024242
0.008,-0.07598462
0.01,-0.053944997
0.012,-0.042925186
0.014,-0.020885564
0.016,-0.015375659
0.018,-0.004355848
0.02,0.012173869
0.022,0.012173869
0.024,0.028703585
0.026,0.050743207
0.028,0.067272924
0.03,0.094822451
0.032,0.122371979
0.034,0.160941318
0.036,0.210530467
0.038,0.260119617
0.04,0.315218672
0.042,0.370317727
0.044,0.414396971
0.046,0.441946499
0.048,0.447456405
0.05,0.419906877
0.052,0.375827633
0.054,0.309708767
0.056,0.249099806
0.058,0.177471034
0.06,0.127881885
0.062,0.078292735
0.064,0.045233302
0.066,0.017683774
0.068,0.001154058
0.07,-0.009865753
0.072,-0.020885564
0.074,-0.020885564
0.076,-0.020885564
0.078,-0.020885564
0.08,-0.020885564
0.082,-0.015375659
0.084,-0.009865753
0.086,-0.004355848
0.088,0.001154058
0.09,0.017683774
0.092,0.034213491
0.094,0.056253113
0.096,0.089312546
0.098,0.127881885
0.1,0.166451223
0.102,0.221550278
0.104,0.271139428
0.106,0.309708767
0.108,0.3427682
0.11,0.370317727
0.112,0.375827633
0.114,0.364807822
0.116,0.337258294
0.118,0.309708767
0.12,0.265629523
0.122,0.227060184
0.124,0.188490845
0.126,0.160941318
0.128,0.13339179
0.13,0.105842263
0.132,0.094822451
0.134,0.078292735
0.136,0.067272924
0.138,0.056253113
0.14,0.045233302
0.142,0.034213491
0.144,0.02319368
0.146,0.017683774
0.148,0.001154058
0.15,-0.015375659
0.152,-0.042925186
0.154,-0.081494525
0.156,-0.120063864
0.158,-0.175162919
0.16,-0.23577188
0.162,-0.301890746
0.164,-0.373519517
0.166,-0.428618573
0.168,-0.467187911
0.17,-0.483717628
0.172,-0.472697817
0.174,-0.439638384
0.176,-0.401069045
0.178,-0.356989801
0.18,-0.318420462
0.182,-0.301890746
0.184,-0.301890746
0.186,-0.307400651
0.188,-0.329440273
0.19,-0.34596999
0.192,-0.356989801
0.194,-0.368009612
0.196,-0.362499706
0.198,-0.340460084
0.2,-0.307400651
0.202,-0.274341218
0.204,-0.23577188
0.206,-0.202712446
0.208,-0.169653013
0.21,-0.147613391
0.212,-0.120063864
0.214,-0.098024242
0.216,-0.081494525
0.218,-0.064964809
0.22,-0.053944997
0.222,-0.042925186
0.224,-0.037415281
0.226,-0.02639547
0.228,-0.009865753
0.23,0.006663963
0.232,0.02319368
0.234,0.045233302
0.236,0.078292735
0.238,0.116862074
0.24,0.155431412
0.242,0.205020562
0.244,0.265629523
0.246,0.326238483
0.248,0.386847444
0.25,0.430926688
0.252,0.463986121
0.254,0.469496027
0.256,0.458476216
0.258,0.425416782
0.26,0.392357349
0.262,0.359297916
0.264,0.331748389
0.266,0.315218672
0.268,0.315218672
0.27,0.320728578
0.272,0.3427682
0.274,0.353788011
0.276,0.370317727
0.278,0.375827633
0.28,0.364807822
0.282,0.3427682
0.284,0.320728578
0.286,0.282159239
0.288,0.249099806
0.29,0.210530467
0.292,0.18298094
0.294,0.149921507
0.296,0.127881885
0.298,0.105842263
0.3,0.089312546
0.302,0.072782829
0.304,0.061763018
0.306,0.050743207
0.308,0.034213491
0.31,0.028703585
0.312,0.012173869
0.314,-0.004355848
0.316,-0.020885564
0.318,-0.042925186
0.32,-0.070474714
0.322,-0.109044053
0.324,-0.142103486
0.326,-0.197202541
0.328,-0.257811502
0.33,-0.329440273
0.332,-0.401069045
0.334,-0.4561681
0.336,-0.500247344
0.338,-0.511267155
0.34,-0.500247344
0.342,-0.467187911
0.344,-0.417598762
0.346,-0.379029423
0.348,-0.334950179
0.35,-0.318420462
0.352,-0.318420462
0.354,-0.329440273
0.356,-0.351479895
0.358,-0.373519517
0.36,-0.384539329
0.362,-0.39555914
0.364,-0.384539329
0.366,-0.356989801
0.368,-0.329440273
0.37,-0.285361029
0.372,-0.246791691
0.374,-0.213732257
0.376,-0.169653013
0.378,-0.13659358
0.38,-0.114553958
0.382,-0.087004431
0.384,-0.070474714
0.386,-0.053944997
0.388,-0.042925186
0.39,-0.031905375
0.392,-0.020885564
0.394,-0.009865753
0.396,0.001154058
0.398,0.012173869
0.4,0.028703585
0.402,0.050743207
0.404,0.072782829
0.406,0.105842263
0.408,0.144411601
0.41,0.205020562
0.412,0.260119617
0.414,0.331748389
0.416,0.408887066
0.418,0.475005932
0.42,0.519085176
0.422,0.535614893
0.424,0.535614893
0.426,0.491535649
0.428,0.441946499
0.43,0.386847444
0.432,0.348278105
0.434,0.315218672
0.436,0.304198861
0.438,0.309708767
0.44,0.326238483
0.442,0.337258294
0.444,0.359297916
0.446,0.364807822
0.448,0.353788011
0.45,0.3427682
0.452,0.309708767
0.454,0.282159239
0.456,0.2435899
0.458,0.205020562
0.46,0.171961129
0.462,0.138901696
0.464,0.111352168
0.466,0.094822451
0.468,0.072782829
0.47,0.056253113
0.472,0.045233302
0.474,0.028703585
0.476,0.017683774
0.478,0.012173869
0.48,0.001154058
0.482,-0.015375659
0.484,-0.02639547
0.486,-0.048435092
0.488,-0.070474714
0.49,-0.098024242
0.492,-0.13659358
0.494,-0.175162919
0.496,-0.230261974
0.498,-0.285361029
0.5,-0.34596999
0.502,-0.401069045
0.504,-0.445148289
0.506,-0.467187911
0.508,-0.472697817
0.51,-0.450658195
0.512,-0.417598762
0.514,-0.384539329
0.516,-0.34596999
0.518,-0.318420462
0.52,-0.301890746
0.522,-0.301890746
0.524,-0.307400651
0.526,-0.323930368
0.528,-0.334950179
0.53,-0.34596999
0.532,-0.340460084
0.534,-0.329440273
0.536,-0.312910557
0.538,-0.279851124
0.54,-0.246791691
0.542,-0.208222352
0.544,-0.175162919
0.546,-0.142103486
0.548,-0.114553958
0.55,-0.092514336
0.552,-0.070474714
0.554,-0.053944997
0.556,-0.042925186
0.558,-0.02639547
0.56,-0.015375659
0.562,-0.009865753
0.564,0.001154058
0.566,0.012173869
0.568,0.02319368
0.57,0.039723396
0.572,0.056253113
0.574,0.08380264
0.576,0.111352168
0.578,0.144411601
0.58,0.194000751
0.582,0.2435899
0.584,0.298688956
0.586,0.353788011
0.588,0.408887066
0.59,0.441946499
0.592,0.458476216
0.594,0.441946499
0.596,0.40337716
0.598,0.3427682
0.6,0.282159239
0.602,0.210530467
0.604,0.155431412
0.606,0.100332357
0.608,0.067272924
0.61,0.034213491
0.612,0.012173869
0.614,-0.004355848
0.616,-0.009865753
0.618,-0.015375659
0.62,-0.020885564
0.622,-0.015375659
0.624,-0.020885564
0.626,-0.015375659
0.628,-0.015375659
0.63,-0.015375659
0.632,-0.004355848
0.634,0.006663963
0.636,0.012173869
0.638,0.028703585
0.64,0.050743207
0.642,0.078292735
0.644,0.111352168
0.646,0.149921507
0.648,0.188490845
0.65,0.232570089
0.652,0.271139428
0.654,0.309708767
0.656,0.337258294
0.658,0.348278105
0.66,0.348278105
0.662,0.331748389
0.664,0.309708767
0.666,0.276649334
0.668,0.2435899
0.67,0.210530467
0.672,0.18298094
0.674,0.149921507
0.676,0.127881885
0.678,0.105842263
0.68,0.089312546
0.682,0.072782829
0.684,0.061763018
0.686,0.050743207
0.688,0.039723396
0.69,0.028703585
0.692,0.02319368
0.694,0.012173869
0.696,-0.004355848
0.698,-0.020885564
0.7,-0.042925186
0.702,-0.07598462
0.704,-0.109044053
0.706,-0.153123297
0.708,-0.202712446
0.71,-0.263321407
0.712,-0.318420462
0.714,-0.373519517
0.716,-0.417598762
0.718,-0.439638384
0.72,-0.445148289
0.722,-0.428618573
0.724,-0.39555914
0.726,-0.362499706
0.728,-0.329440273
0.73,-0.301890746
0.732,-0.285361029
0.734,-0.285361029
0.736,-0.29638084
0.738,-0.307400651
0.74,-0.318420462
0.742,-0.334950179
0.744,-0.334950179
0.746,-0.329440273
0.748,-0.318420462
0.75,-0.285361029
0.752,-0.263321407
0.754,-0.230261974
0.756,-0.202712446
0.758,-0.175162919
0.76,-0.153123297
0.762,-0.125573769
0.764,-0.103534147
0.766,-0.092514336
0.768,-0.07598462
0.77,-0.064964809
0.772,-0.053944997
0.774,-0.048435092
0.776,-0.037415281
0.778,-0.020885564
0.78,-0.015375659
0.782,0.006663963
0.784,0.02319368
0.786,0.045233302
0.788,0.072782829
0.79,0.105842263
0.792,0.149921507
0.794,0.194000751
0.796,0.249099806
0.798,0.304198861
0.8,0.359297916
0.802,0.408887066
0.804,0.441946499
0.806,0.45296631
0.808,0.441946499
0.81,0.425416782
0.812,0.392357349
0.814,0.353788011
0.816,0.326238483
0.818,0.309708767
0.82,0.304198861
0.822,0.309708767
0.824,0.326238483
0.826,0.3427682
0.828,0.359297916
0.83,0.370317727
0.832,0.370317727
0.834,0.353788011
0.836,0.326238483
0.838,0.304198861
0.84,0.265629523
0.842,0.227060184
0.844,0.199510656
0.846,0.166451223
0.848,0.138901696
0.85,0.116862074
0.852,0.094822451
0.854,0.08380264
0.856,0.072782829
0.858,0.050743207
0.86,0.045233302
0.862,0.034213491
0.864,0.02319368
0.866,0.012173869
0.868,0.001154058
0.87,-0.015375659
0.872,-0.037415281
0.874,-0.059454903
0.876,-0.092514336
0.878,-0.125573769
0.88,-0.175162919
0.882,-0.224752069
0.884,-0.285361029
0.886,-0.356989801
0.888,-0.417598762
0.89,-0.467187911
0.892,-0.494737439
0.894,-0.500247344
0.896,-0.478207722
0.898,-0.439638384
0.9,-0.39555914
0.902,-0.351479895
0.904,-0.318420462
0.906,-0.307400651
0.908,-0.307400651
0.91,-0.318420462
0.912,-0.340460084
0.914,-0.362499706
0.916,-0.373519517
0.918,-0.379029423
0.92,-0.373519517
0.922,-0.351479895
0.924,-0.323930368
0.926,-0.285361029
0.928,-0.246791691
0.93,-0.208222352
0.932,-0.169653013
0.934,-0.142103486
0.936,-0.114553958
0.938,-0.092514336
0.94,-0.070474714
0.942,-0.053944997
0.944,-0.042925186
0.946,-0.031905375
0.948,-0.020885564
0.95,-0.009865753
0.952,0.006663963
0.954,0.012173869
0.956,0.02319368
0.958,0.045233302
0.96,0.061763018
0.962,0.089312546
0.964,0.116862074
0.966,0.160941318
0.968,0.205020562
0.97,0.260119617
0.972,0.320728578
0.974,0.381337538
0.976,0.441946499
0.978,0.486025743
0.98,0.50255546
0.982,0.497045554
0.984,0.469496027
0.986,0.425416782
0.988,0.375827633
0.99,0.337258294
0.992,0.309708767
0.994,0.29317905
0.996,0.29317905
0.998,0.304198861
1,0.315218672
1.002,0.326238483
1.004,0.331748389
1.006,0.337258294
1.008,0.331748389
1.01,0.309708767
1.012,0.287669145
1.014,0.260119617
1.016,0.221550278
1.018,0.194000751
1.02,0.160941318
1.022,0.13339179
1.024,0.111352168
1.026,0.094822451
1.028,0.072782829
1.03,0.061763018
1.032,0.050743207
1.034,0.039723396
1.036,0.028703585
1.038,0.017683774
1.04,0.006663963
1.042,-0.004355848
1.044,-0.015375659
1.046,-0.031905375
1.048,-0.053944997
1.05,-0.07598462
1.052,-0.103534147
1.054,-0.142103486
1.056,-0.18618273
1.058,-0.23577188
1.06,-0.29638084
1.062,-0.34596999
1.064,-0.406578951
1.066,-0.445148289
1.068,-0.461678006
1.07,-0.461678006
1.072,-0.439638384
1.074,-0.406578951
1.076,-0.368009612
1.078,-0.334950179
1.08,-0.307400651
1.082,-0.29638084
1.084,-0.29638084
1.086,-0.301890746
1.088,-0.312910557
1.09,-0.323930368
1.092,-0.334950179
1.094,-0.340460084
1.096,-0.329440273
1.098,-0.307400651
1.1,-0.279851124
1.102,-0.252301596
1.104,-0.219242163
1.106,-0.180672824
1.108,-0.147613391
1.11,-0.120063864
1.112,-0.098024242
1.114,-0.07598462
1.116,-0.059454903
1.118,-0.048435092
1.12,-0.037415281
1.122,-0.020885564
1.124,-0.015375659
1.126,-0.004355848
1.128,0.006663963
1.13,0.012173869
1.132,0.02319368
1.134,0.039723396
1.136,0.056253113
1.138,0.08380264
1.14,0.105842263
1.142,0.144411601
1.144,0.18298094
1.146,0.232570089
1.148,0.287669145
1.15,0.3427682
1.152,0.397867255
1.154,0.436436594
1.156,0.45296631
1.158,0.441946499
1.16,0.414396971
1.162,0.364807822
1.164,0.304198861
1.166,0.238079995
1.168,0.171961129
1.17,0.127881885
1.172,0.078292735
1.174,0.045233302
1.176,0.017683774
1.178,0.001154058
1.18,-0.009865753
1.182,-0.015375659
1.184,-0.020885564
1.186,-0.020885564
1.188,-0.020885564
1.19,-0.020885564
1.192,-0.020885564
1.194,-0.015375659
1.196,-0.009865753
1.198,-0.004355848
1.2,0.006663963
1.202,0.012173869
1.204,0.028703585
1.206,0.050743207
1.208,0.072782829
1.21,0.105842263
1.212,0.13339179
1.214,0.171961129
1.216,0.210530467
1.218,0.249099806
1.22,0.282159239
1.222,0.309708767
1.224,0.320728578
1.226,0.326238483
1.228,0.320728578
1.23,0.304198861
1.232,0.276649334
1.234,0.2435899
1.236,0.216040373
1.238,0.18298094
1.24,0.160941318
1.242,0.13339179
1.244,0.116862074
1.246,0.094822451
1.248,0.08380264
1.25,0.067272924
1.252,0.061763018
1.254,0.050743207
1.256,0.039723396
1.258,0.028703585
1.26,0.02319368
1.262,0.012173869
1.264,-0.004355848
1.266,-0.015375659
1.268,-0.037415281
1.27,-0.059454903
1.272,-0.098024242
1.274,-0.131083675
1.276,-0.175162919
1.278,-0.224752069
1.28,-0.279851124
1.282,-0.334950179
1.284,-0.379029423
1.286,-0.406578951
1.288,-0.423108667
1.29,-0.417598762
1.292,-0.39555914
1.294,-0.373519517
1.296,-0.334950179
1.298,-0.307400651
1.3,-0.285361029
1.302,-0.274341218
1.304,-0.274341218
1.306,-0.285361029
1.308,-0.29638084
1.31,-0.312910557
1.312,-0.323930368
1.314,-0.329440273
1.316,-0.323930368
1.318,-0.312910557
1.32,-0.290870935
1.322,-0.263321407
1.324,-0.23577188
1.326,-0.202712446
1.328,-0.175162919
1.33,-0.147613391
1.332,-0.125573769
1.334,-0.114553958
1.336,-0.092514336
1.338,-0.081494525
1.34,-0.070474714
1.342,-0.059454903
1.344,-0.048435092
1.346,-0.042925186
1.348,-0.031905375
1.35,-0.020885564
1.352,-0.009865753
1.354,0.001154058
1.356,0.02319368
1.358,0.045233302
1.36,0.072782829
1.362,0.105842263
1.364,0.149921507
1.366,0.194000751
1.368,0.249099806
1.37,0.298688956
1.372,0.359297916
1.374,0.408887066
1.376,0.436436594
1.378,0.45296631
1.38,0.447456405
1.382,0.425416782
1.384,0.392357349
1.386,0.359297916
1.388,0.326238483
1.39,0.304198861
1.392,0.298688956
1.394,0.298688956
1.396,0.309708767
1.398,0.337258294
1.4,0.348278105
1.402,0.359297916
1.404,0.370317727
1.406,0.359297916
1.408,0.3427682
1.41,0.315218672
1.412,0.287669145
1.414,0.249099806
1.416,0.216040373
1.418,0.18298094
1.42,0.149921507
1.422,0.127881885
1.424,0.105842263
1.426,0.094822451
1.428,0.078292735
1.43,0.061763018
1.432,0.045233302
1.434,0.039723396
1.436,0.028703585
1.438,0.017683774
1.44,0.006663963
1.442,-0.004355848
1.444,-0.015375659
1.446,-0.037415281
1.448,-0.053944997
1.45,-0.087004431
1.452,-0.120063864
1.454,-0.153123297
1.456,-0.202712446
1.458,-0.252301596
1.46,-0.307400651
1.462,-0.368009612
1.464,-0.423108667
1.466,-0.4561681
1.468,-0.472697817
1.47,-0.467187911
1.472,-0.439638384
1.474,-0.406578951
1.476,-0.368009612
1.478,-0.329440273
1.48,-0.301890746
1.482,-0.290870935
1.484,-0.290870935
1.486,-0.301890746
1.488,-0.318420462
1.49,-0.329440273
1.492,-0.34596999
1.494,-0.351479895
1.496,-0.34596999
1.498,-0.329440273
1.5,-0.307400651
1.502,-0.274341218
1.504,-0.246791691
1.506,-0.213732257
1.508,-0.175162919
1.51,-0.147613391
1.512,-0.120063864
1.514,-0.098024242
1.516,-0.081494525
1.518,-0.070474714
1.52,-0.053944997
1.522,-0.042925186
1.524,-0.031905375
1.526,-0.020885564
1.528,-0.009865753
1.53,0.001154058
1.532,0.012173869
1.534,0.02319368
1.536,0.039723396
1.538,0.056253113
1.54,0.078292735
1.542,0.111352168
1.544,0.144411601
1.546,0.18298094
1.548,0.238079995
1.55,0.29317905
1.552,0.348278105
1.554,0.40337716
1.556,0.447456405
1.558,0.469496027
1.56,0.469496027
1.562,0.45296631
1.564,0.425416782
1.566,0.386847444
1.568,0.3427682
1.57,0.315218672
1.572,0.29317905
1.574,0.282159239
1.576,0.282159239
1.578,0.29317905
1.58,0.309708767
1.582,0.315218672
1.584,0.331748389
1.586,0.326238483
1.588,0.315218672
1.59,0.298688956
1.592,0.276649334
1.594,0.249099806
1.596,0.216040373
1.598,0.188490845
1.6,0.160941318
1.602,0.138901696
1.604,0.116862074
1.606,0.094822451
1.608,0.078292735
1.61,0.067272924
1.612,0.050743207
1.614,0.045233302
1.616,0.028703585
1.618,0.028703585
1.62,0.017683774
1.622,0.006663963
1.624,-0.004355848
1.626,-0.015375659
1.628,-0.037415281
1.63,-0.053944997
1.632,-0.07598462
1.634,-0.109044053
1.636,-0.142103486
1.638,-0.18618273
1.64,-0.241281785
1.642,-0.290870935
1.644,-0.351479895
1.646,-0.401069045
1.648,-0.439638384
1.65,-0.4561681
1.652,-0.4561681
1.654,-0.434128478
1.656,-0.401069045
1.658,-0.362499706
1.66,-0.329440273
1.662,-0.307400651
1.664,-0.285361029
1.666,-0.279851124
1.668,-0.279851124
1.67,-0.29638084
1.672,-0.312910557
1.674,-0.323930368
1.676,-0.329440273
1.678,-0.323930368
1.68,-0.307400651
1.682,-0.285361029
1.684,-0.257811502
1.686,-0.230261974
1.688,-0.197202541
1.69,-0.164143108
1.692,-0.131083675
1.694,-0.109044053
1.696,-0.087004431
1.698,-0.064964809
1.7,-0.048435092
1.702,-0.037415281
1.704,-0.02639547
1.706,-0.015375659
1.708,-0.009865753
1.71,-0.004355848
1.712,0.006663963
1.714,0.012173869
1.716,0.028703585
1.718,0.045233302
1.72,0.056253113
1.722,0.072782829
1.724,0.100332357
1.726,0.13339179
1.728,0.160941318
1.73,0.205020562
1.732,0.249099806
1.734,0.298688956
1.736,0.3427682
1.738,0.381337538
1.74,0.40337716
1.742,0.419906877
1.744,0.397867255
1.746,0.370317727
1.748,0.326238483
1.75,0.265629523
1.752,0.210530467
1.754,0.160941318
1.756,0.116862074
1.758,0.078292735
1.76,0.050743207
1.762,0.028703585
1.764,0.006663963
1.766,-0.004355848
1.768,-0.009865753
1.77,-0.015375659
1.772,-0.015375659
1.774,-0.015375659
1.776,-0.015375659
1.778,-0.015375659
1.78,-0.015375659
1.782,-0.009865753
1.784,-0.004355848
1.786,0.001154058
1.788,0.006663963
1.79,0.02319368
1.792,0.034213491
1.794,0.056253113
1.796,0.078292735
1.798,0.105842263
1.8,0.138901696
1.802,0.171961129
1.804,0.210530467
1.806,0.238079995
1.808,0.271139428
1.81,0.29317905
1.812,0.304198861
1.814,0.309708767
1.816,0.304198861
1.818,0.287669145
1.82,0.271139428
1.822,0.2435899
1.824,0.216040373
1.826,0.188490845
1.828,0.166451223
1.83,0.144411601
1.832,0.127881885
1.834,0.105842263
1.836,0.089312546
1.838,0.078292735
1.84,0.067272924
1.842,0.056253113
1.844,0.045233302
1.846,0.039723396
1.848,0.028703585
1.85,0.02319368
1.852,0.017683774
1.854,0.001154058
1.856,-0.009865753
1.858,-0.031905375
1.86,-0.059454903
1.862,-0.087004431
1.864,-0.125573769
1.866,-0.169653013
1.868,-0.213732257
1.87,-0.268831313
1.872,-0.312910557
1.874,-0.362499706
1.876,-0.39555914
1.878,-0.412088856
1.88,-0.412088856
1.882,-0.401069045
1.884,-0.373519517
1.886,-0.340460084
1.888,-0.307400651
1.89,-0.279851124
1.892,-0.268831313
1.894,-0.263321407
1.896,-0.274341218
1.898,-0.285361029
1.9,-0.301890746
1.902,-0.312910557
1.904,-0.323930368
1.906,-0.323930368
1.908,-0.318420462
1.91,-0.301890746
1.912,-0.285361029
1.914,-0.257811502
1.916,-0.224752069
1.918,-0.197202541
1.92,-0.169653013
1.922,-0.147613391
1.924,-0.120063864
1.926,-0.109044053
1.928,-0.087004431
1.93,-0.07598462
1.932,-0.064964809
1.934,-0.059454903
1.936,-0.048435092
1.938,-0.037415281
1.94,-0.031905375
1.942,-0.02639547
1.944,-0.009865753
1.946,0.006663963
1.948,0.02319368
1.95,0.039723396
1.952,0.061763018
1.954,0.094822451
1.956,0.122371979
1.958,0.160941318
1.96,0.205020562
1.962,0.260119617
1.964,0.309708767
1.966,0.359297916
1.968,0.397867255
1.97,0.425416782
1.972,0.436436594
1.974,0.430926688
1.976,0.408887066
1.978,0.375827633
1.98,0.348278105
1.982,0.315218672
1.984,0.29317905
1.986,0.287669145
1.988,0.282159239
1.99,0.298688956
1.992,0.304198861
1.994,0.326238483
1.996,0.337258294
1.998,0.3427682
2,0.337258294
2.002,0.326238483
2.004,0.309708767
2.006,0.282159239
2.008,0.249099806
2.01,0.221550278
2.012,0.188490845
2.014,0.160941318
2.016,0.138901696
2.018,0.116862074
2.02,0.100332357
2.022,0.08380264
2.024,0.067272924
2.026,0.061763018
2.028,0.045233302
2.03,0.039723396
2.032,0.028703585
2.034,0.017683774
2.036,0.006663963
2.038,-0.004355848
2.04,-0.015375659
2.042,-0.031905375
2.044,-0.053944997
2.046,-0.07598462
2.048,-0.098024242
2.05,-0.131083675
2.052,-0.175162919
2.054,-0.219242163
2.056,-0.263321407
2.058,-0.318420462
2.06,-0.362499706
2.062,-0.401069045
2.064,-0.428618573
2.066,-0.439638384
2.068,-0.428618573
2.07,-0.406578951
2.072,-0.373519517
2.074,-0.340460084
2.076,-0.307400651
2.078,-0.285361029
2.08,-0.274341218
2.082,-0.279851124
2.084,-0.285361029
2.086,-0.301890746
2.088,-0.318420462
2.09,-0.323930368
2.092,-0.334950179
2.094,-0.334950179
2.096,-0.323930368
2.098,-0.307400651
2.1,-0.274341218
2.102,-0.246791691
2.104,-0.219242163
2.106,-0.18618273
2.108,-0.158633202
2.11,-0.131083675
2.112,-0.109044053
2.114,-0.092514336
2.116,-0.081494525
2.118,-0.059454903
2.12,-0.048435092
2.122,-0.037415281
2.124,-0.02639547
2.126,-0.020885564
2.128,-0.009865753
2.13,0.001154058
2.132,0.006663963
2.134,0.02319368
2.136,0.034213491
2.138,0.050743207
2.14,0.072782829
2.142,0.094822451
2.144,0.127881885
2.146,0.171961129
2.148,0.216040373
2.15,0.265629523
2.152,0.320728578
2.154,0.375827633
2.156,0.425416782
2.158,0.45296631
2.16,0.469496027
2.162,0.458476216
2.164,0.430926688
2.166,0.397867255
2.168,0.359297916
2.17,0.320728578
2.172,0.29317905
2.174,0.276649334
2.176,0.271139428
2.178,0.276649334
2.18,0.287669145
2.182,0.298688956
2.184,0.309708767
2.186,0.320728578
2.188,0.320728578
2.19,0.309708767
2.192,0.29317905
2.194,0.271139428
2.196,0.2435899
2.198,0.216040373
2.2,0.188490845
2.202,0.160941318
2.204,0.138901696
2.206,0.111352168
2.208,0.094822451
2.21,0.078292735
2.212,0.061763018
2.214,0.056253113
2.216,0.039723396
2.218,0.034213491
2.22,0.02319368
2.222,0.017683774
2.224,0.006663963
2.226,0.001154058
2.228,-0.015375659
2.23,-0.031905375
2.232,-0.042925186
2.234,-0.064964809
2.236,-0.081494525
2.238,-0.109044053
2.24,-0.147613391
2.242,-0.18618273
2.244,-0.224752069
2.246,-0.279851124
2.248,-0.329440273
2.25,-0.373519517
2.252,-0.406578951
2.254,-0.428618573
2.256,-0.423108667
2.258,-0.412088856
2.26,-0.390049234
2.262,-0.356989801
2.264,-0.323930368
2.266,-0.29638084
2.268,-0.279851124
2.27,-0.268831313
2.272,-0.268831313
2.274,-0.274341218
2.276,-0.285361029
2.278,-0.29638084
2.28,-0.307400651
2.282,-0.301890746
2.284,-0.29638084
2.286,-0.285361029
2.288,-0.263321407
2.29,-0.246791691
2.292,-0.213732257
2.294,-0.18618273
2.296,-0.158633202
2.298,-0.131083675
2.3,-0.109044053
2.302,-0.087004431
2.304,-0.070474714
2.306,-0.053944997
2.308,-0.042925186
2.31,-0.037415281
2.312,-0.02639547
2.314,-0.015375659
2.316,-0.009865753
2.318,0.001154058
2.32,0.006663963
2.322,0.017683774
2.324,0.028703585
2.326,0.039723396
2.328,0.061763018
2.33,0.078292735
2.332,0.100332357
2.334,0.127881885
2.336,0.160941318
2.338,0.194000751
2.34,0.238079995
2.342,0.282159239
2.344,0.326238483
2.346,0.359297916
2.348,0.386847444
2.35,0.392357349
2.352,0.386847444
2.354,0.359297916
2.356,0.326238483
2.358,0.276649334
2.36,0.227060184
2.362,0.177471034
2.364,0.13339179
2.366,0.089312546
2.368,0.061763018
2.37,0.039723396
2.372,0.017683774
2.374,0.001154058
2.376,-0.004355848
2.378,-0.015375659
2.38,-0.015375659
2.382,-0.015375659
2.384,-0.015375659
2.386,-0.020885564
2.388,-0.015375659
2.39,-0.009865753
2.392,-0.009865753
2.394,-0.009865753
2.396,-0.004355848
2.398,0.006663963
2.4,0.017683774
2.402,0.034213491
2.404,0.050743207
2.406,0.067272924
2.408,0.094822451
2.41,0.122371979
2.412,0.155431412
2.414,0.188490845
2.416,0.221550278
2.418,0.249099806
2.42,0.276649334
2.422,0.29317905
2.424,0.304198861
2.426,0.309708767
2.428,0.298688956
2.43,0.282159239
2.432,0.260119617
2.434,0.232570089
2.436,0.205020562
2.438,0.177471034
2.44,0.155431412
2.442,0.13339179
2.444,0.116862074
2.446,0.100332357
2.448,0.08380264
2.45,0.067272924
2.452,0.061763018
2.454,0.050743207
2.456,0.045233302
2.458,0.039723396
2.46,0.028703585
2.462,0.02319368
2.464,0.017683774
2.466,0.006663963
2.468,-0.009865753
2.47,-0.020885564
2.472,-0.042925186
2.474,-0.064964809
2.476,-0.098024242
2.478,-0.13659358
2.48,-0.175162919
2.482,-0.219242163
2.484,-0.268831313
2.486,-0.318420462
2.488,-0.351479895
2.49,-0.384539329
2.492,-0.39555914
2.494,-0.401069045
2.496,-0.384539329
2.498,-0.356989801
2.5,-0.323930368
2.502,-0.301890746
2.504,-0.274341218
2.506,-0.263321407
2.508,-0.252301596
2.51,-0.252301596
2.512,-0.263321407
2.514,-0.274341218
2.516,-0.285361029
2.518,-0.301890746
2.52,-0.307400651
2.522,-0.301890746
2.524,-0.290870935
2.526,-0.279851124
2.528,-0.263321407
2.53,-0.23577188
2.532,-0.208222352
2.534,-0.18618273
2.536,-0.158633202
2.538,-0.13659358
2.54,-0.114553958
2.542,-0.098024242
2.544,-0.087004431
2.546,-0.07598462
2.548,-0.059454903
2.55,-0.053944997
2.552,-0.042925186
2.554,-0.037415281
2.556,-0.031905375
2.558,-0.020885564
2.56,-0.015375659
2.562,-0.004355848
2.564,0.006663963
2.566,0.028703585
2.568,0.045233302
2.57,0.072782829
2.572,0.094822451
2.574,0.127881885
2.576,0.166451223
2.578,0.205020562
2.58,0.249099806
2.582,0.29317905
2.584,0.337258294
2.586,0.375827633
2.588,0.40337716
2.59,0.408887066
2.592,0.40337716
2.594,0.386847444
2.596,0.359297916
2.598,0.331748389
2.6,0.309708767
2.602,0.287669145
2.604,0.276649334
2.606,0.271139428
2.608,0.276649334
2.61,0.287669145
2.612,0.304198861
2.614,0.315218672
2.616,0.320728578
2.618,0.326238483
2.62,0.326238483
2.622,0.309708767
2.624,0.29317905
2.626,0.265629523
2.628,0.2435899
2.63,0.210530467
2.632,0.18298094
2.634,0.160941318
2.636,0.13339179
2.638,0.116862074
2.64,0.100332357
2.642,0.08380264
2.644,0.072782829
2.646,0.056253113
2.648,0.050743207
2.65,0.039723396
2.652,0.034213491
2.654,0.02319368
2.656,0.012173869
2.658,0.001154058
2.66,-0.004355848
2.662,-0.020885564
2.664,-0.031905375
2.666,-0.048435092
2.668,-0.07598462
2.67,-0.103534147
2.672,-0.131083675
2.674,-0.169653013
2.676,-0.213732257
2.678,-0.257811502
2.68,-0.307400651
2.682,-0.356989801
2.684,-0.39555914
2.686,-0.417598762
2.688,-0.428618573
2.69,-0.428618573
2.692,-0.406578951
2.694,-0.373519517
2.696,-0.340460084
2.698,-0.312910557
2.7,-0.285361029
2.702,-0.268831313
2.704,-0.268831313
2.706,-0.268831313
2.708,-0.285361029
2.71,-0.301890746
2.712,-0.312910557
2.714,-0.323930368
2.716,-0.323930368
2.718,-0.323930368
2.72,-0.307400651
2.722,-0.285361029
2.724,-0.263321407
2.726,-0.23577188
2.728,-0.202712446
2.73,-0.175162919
2.732,-0.147613391
2.734,-0.125573769
2.736,-0.103534147
2.738,-0.092514336
2.74,-0.07598462
2.742,-0.059454903
2.744,-0.048435092
2.746,-0.037415281
2.748,-0.02639547
2.75,-0.020885564
2.752,-0.015375659
2.754,-0.004355848
2.756,0.006663963
2.758,0.017683774
2.76,0.02319368
2.762,0.039723396
2.764,0.056253113
2.766,0.078292735
2.768,0.105842263
2.77,0.13339179
2.772,0.166451223
2.774,0.205020562
2.776,0.260119617
2.778,0.304198861
2.78,0.359297916
2.782,0.397867255
2.784,0.425416782
2.786,0.441946499
2.788,0.436436594
2.79,0.414396971
2.792,0.392357349
2.794,0.359297916
2.796,0.326238483
2.798,0.29317905
2.8,0.271139428
2.802,0.260119617
2.804,0.260119617
2.806,0.265629523
2.808,0.276649334
2.81,0.287669145
2.812,0.298688956
2.814,0.298688956
2.816,0.304198861
2.818,0.29317905
2.82,0.276649334
2.822,0.254609711
2.824,0.232570089
2.826,0.205020562
2.828,0.18298094
2.83,0.155431412
2.832,0.13339179
2.834,0.111352168
2.836,0.094822451
2.838,0.078292735
2.84,0.067272924
2.842,0.056253113
2.844,0.045233302
2.846,0.039723396
2.848,0.028703585
2.85,0.02319368
2.852,0.017683774
2.854,0.006663963
2.856,-0.004355848
2.858,-0.015375659
2.86,-0.02639547
2.862,-0.042925186
2.864,-0.059454903
2.866,-0.081494525
2.868,-0.109044053
2.87,-0.13659358
2.872,-0.175162919
2.874,-0.213732257
2.876,-0.263321407
2.878,-0.307400651
2.88,-0.34596999
2.882,-0.379029423
2.884,-0.401069045
2.886,-0.412088856
2.888,-0.406578951
2.89,-0.384539329
2.892,-0.356989801
2.894,-0.329440273
2.896,-0.301890746
2.898,-0.279851124
2.9,-0.263321407
2.902,-0.257811502
2.904,-0.257811502
2.906,-0.274341218
2.908,-0.274341218
2.91,-0.290870935
2.912,-0.29638084
2.914,-0.301890746
2.916,-0.290870935
2.918,-0.279851124
2.92,-0.263321407
2.922,-0.23577188
2.924,-0.213732257
2.926,-0.180672824
2.928,-0.158633202
2.93,-0.131083675
2.932,-0.109044053
2.934,-0.087004431
2.936,-0.07598462
2.938,-0.059454903
2.94,-0.042925186
2.942,-0.037415281
2.944,-0.02639547
2.946,-0.020885564
2.948,-0.015375659
2.95,-0.004355848
2.952,0.001154058
2.954,0.012173869
2.956,0.017683774
2.958,0.028703585
2.96,0.045233302
2.962,0.056253113
2.964,0.078292735
2.966,0.094822451
2.968,0.122371979
2.97,0.155431412
2.972,0.188490845
2.974,0.227060184
2.976,0.271139428
2.978,0.309708767
2.98,0.3427682
2.982,0.370317727
2.984,0.381337538
2.986,0.381337538
2.988,0.364807822
2.99,0.326238483
2.992,0.29317905
2.994,0.2435899
2.996,0.194000751
2.998,0.149921507
3,0.111352168
3.002,0.08380264
3.004,0.050743207
3.006,0.028703585
3.008,0.012173869
3.01,0.001154058
3.012,-0.004355848
3.014,-0.015375659
3.016,-0.015375659
3.018,-0.015375659
3.02,-0.015375659
3.022,-0.015375659
3.024,-0.015375659
3.026,-0.009865753
3.028,-0.009865753
3.03,-0.004355848
3.032,-0.004355848
3.034,0.006663963
3.036,0.012173869
3.038,0.02319368
3.04,0.039723396
3.042,0.056253113
3.044,0.078292735
3.046,0.094822451
3.048,0.127881885
3.05,0.155431412
3.052,0.188490845
3.054,0.216040373
3.056,0.2435899
3.058,0.271139428
3.06,0.282159239
3.062,0.29317905
3.064,0.29317905
3.066,0.282159239
3.068,0.271139428
3.07,0.249099806
3.072,0.227060184
3.074,0.205020562
3.076,0.177471034
3.078,0.155431412
3.08,0.13339179
3.082,0.116862074
3.084,0.100332357
3.086,0.08380264
3.088,0.078292735
3.09,0.061763018
3.092,0.056253113
3.094,0.045233302
3.096,0.045233302
3.098,0.034213491
3.1,0.028703585
3.102,0.02319368
3.104,0.017683774
3.106,0.001154058
3.108,-0.004355848
3.11,-0.020885564
3.112,-0.037415281
3.114,-0.059454903
3.116,-0.087004431
3.118,-0.120063864
3.12,-0.153123297
3.122,-0.197202541
3.124,-0.241281785
3.126,-0.285361029
3.128,-0.323930368
3.13,-0.356989801
3.132,-0.373519517
3.134,-0.379029423
3.136,-0.379029423
3.138,-0.362499706
3.14,-0.340460084
3.142,-0.307400651
3.144,-0.279851124
3.146,-0.257811502
3.148,-0.246791691
3.15,-0.246791691
3.152,-0.246791691
3.154,-0.257811502
3.156,-0.268831313
3.158,-0.279851124
3.16,-0.290870935
3.162,-0.290870935
3.164,-0.29638084
3.166,-0.285361029
3.168,-0.274341218
3.17,-0.257811502
3.172,-0.230261974
3.174,-0.213732257
3.176,-0.18618273
3.178,-0.164143108
3.18,-0.142103486
3.182,-0.120063864
3.184,-0.109044053
3.186,-0.092514336
3.188,-0.07598462
3.19,-0.064964809
3.192,-0.059454903
3.194,-0.048435092
3.196,-0.042925186
3.198,-0.037415281
3.2,-0.031905375
3.202,-0.02639547
3.204,-0.015375659
3.206,-0.004355848
3.208,0.006663963
3.21,0.02319368
3.212,0.039723396
3.214,0.061763018
3.216,0.08380264
3.218,0.111352168
3.22,0.149921507
3.222,0.18298094
3.224,0.227060184
3.226,0.265629523
3.228,0.309708767
3.23,0.348278105
3.232,0.375827633
3.234,0.386847444
3.236,0.397867255
3.238,0.386847444
3.24,0.370317727
3.242,0.348278105
3.244,0.320728578
3.246,0.29317905
3.248,0.271139428
3.25,0.265629523
3.252,0.260119617
3.254,0.265629523
3.256,0.276649334
3.258,0.282159239
3.26,0.298688956
3.262,0.309708767
3.264,0.309708767
3.266,0.309708767
3.268,0.298688956
3.27,0.287669145
3.272,0.265629523
3.274,0.238079995
3.276,0.216040373
3.278,0.188490845
3.28,0.166451223
3.282,0.144411601
3.284,0.122371979
3.286,0.105842263
3.288,0.089312546
3.29,0.078292735
3.292,0.067272924
3.294,0.056253113
3.296,0.045233302
3.298,0.039723396
3.3,0.034213491
3.302,0.02319368
3.304,0.012173869
3.306,0.006663963
3.308,-0.004355848
3.31,-0.020885564
3.312,-0.02639547
3.314,-0.042925186
3.316,-0.064964809
3.318,-0.087004431
3.32,-0.109044053
3.322,-0.142103486
3.324,-0.180672824
3.326,-0.219242163
3.328,-0.263321407
3.33,-0.307400651
3.332,-0.34596999
3.334,-0.379029423
3.336,-0.39555914
3.338,-0.406578951
3.34,-0.401069045
3.342,-0.379029423
3.344,-0.356989801
3.346,-0.323930368
3.348,-0.29638084
3.35,-0.274341218
3.352,-0.257811502
3.354,-0.252301596
3.356,-0.257811502
3.358,-0.268831313
3.36,-0.274341218
3.362,-0.290870935
3.364,-0.307400651
3.366,-0.307400651
3.368,-0.307400651
3.37,-0.301890746
3.372,-0.290870935
3.374,-0.268831313
3.376,-0.241281785
3.378,-0.219242163
3.38,-0.191692635
3.382,-0.169653013
3.384,-0.142103486
3.386,-0.125573769
3.388,-0.103534147
3.39,-0.087004431
3.392,-0.070474714
3.394,-0.064964809
3.396,-0.048435092
3.398,-0.042925186
3.4,-0.031905375
3.402,-0.020885564
3.404,-0.015375659
3.406,-0.009865753
3.408,0.001154058
3.41,0.006663963
3.412,0.017683774
3.414,0.028703585
3.416,0.045233302
3.418,0.056253113
3.42,0.078292735
3.422,0.100332357
3.424,0.127881885
3.426,0.160941318
3.428,0.205020562
3.43,0.249099806
3.432,0.29317905
3.434,0.337258294
3.436,0.375827633
3.438,0.408887066
3.44,0.425416782
3.442,0.425416782
3.444,0.40337716
3.446,0.381337538
3.448,0.353788011
3.45,0.320728578
3.452,0.29317905
3.454,0.271139428
3.456,0.254609711
3.458,0.249099806
3.46,0.249099806
3.462,0.254609711
3.464,0.271139428
3.466,0.276649334
3.468,0.287669145
3.47,0.29317905
3.472,0.287669145
3.474,0.276649334
3.476,0.265629523
3.478,0.249099806
3.48,0.221550278
3.482,0.199510656
3.484,0.177471034
3.486,0.155431412
3.488,0.13339179
3.49,0.111352168
3.492,0.094822451
3.494,0.08380264
3.496,0.067272924
3.498,0.056253113
3.5,0.045233302
3.502,0.039723396
3.504,0.034213491
3.506,0.02319368
3.508,0.017683774
3.51,0.006663963
3.512,0.006663963
3.514,-0.004355848
3.516,-0.015375659
3.518,-0.020885564
3.52,-0.037415281
3.522,-0.053944997
3.524,-0.07598462
3.526,-0.092514336
3.528,-0.125573769
3.53,-0.158633202
3.532,-0.191692635
3.534,-0.23577188
3.536,-0.279851124
3.538,-0.318420462
3.54,-0.351479895
3.542,-0.379029423
3.544,-0.39555914
3.546,-0.390049234
3.548,-0.384539329
3.55,-0.362499706
3.552,-0.334950179
3.554,-0.307400651
3.556,-0.285361029
3.558,-0.257811502
3.56,-0.252301596
3.562,-0.246791691
3.564,-0.252301596
3.566,-0.257811502
3.568,-0.263321407
3.57,-0.274341218
3.572,-0.285361029
3.574,-0.285361029
3.576,-0.285361029
3.578,-0.274341218
3.58,-0.257811502
3.582,-0.241281785
3.584,-0.219242163
3.586,-0.191692635
3.588,-0.164143108
3.59,-0.142103486
3.592,-0.120063864
3.594,-0.098024242
3.596,-0.081494525
3.598,-0.064964809
3.6,-0.053944997
3.602,-0.042925186
3.604,-0.031905375
3.606,-0.02639547
3.608,-0.020885564
3.61,-0.009865753
3.612,-0.009865753
3.614,0.001154058
3.616,0.006663963
3.618,0.017683774
3.62,0.028703585
3.622,0.034213491
3.624,0.045233302
3.626,0.067272924
3.628,0.08380264
3.63,0.105842263
3.632,0.127881885
3.634,0.160941318
3.636,0.194000751
3.638,0.232570089
3.64,0.265629523
3.642,0.304198861
3.644,0.337258294
3.646,0.359297916
3.648,0.370317727
3.65,0.370317727
3.652,0.348278105
3.654,0.320728578
3.656,0.282159239
3.658,0.2435899
3.66,0.194000751
3.662,0.155431412
3.664,0.116862074
3.666,0.089312546
3.668,0.056253113
3.67,0.034213491
3.672,0.017683774
3.674,0.006663963
3.676,-0.004355848
3.678,-0.009865753
3.68,-0.015375659
3.682,-0.009865753
3.684,-0.015375659
3.686,-0.015375659
3.688,-0.015375659
3.69,-0.009865753
3.692,-0.015375659
3.694,-0.009865753
3.696,-0.004355848
3.698,0.001154058
3.7,0.001154058
3.702,0.012173869
3.704,0.017683774
3.706,0.034213491
3.708,0.050743207
3.71,0.067272924
3.712,0.089312546
3.714,0.111352168
3.716,0.138901696
3.718,0.166451223
3.72,0.194000751
3.722,0.221550278
3.724,0.2435899
3.726,0.260119617
3.728,0.271139428
3.73,0.282159239
3.732,0.282159239
3.734,0.271139428
3.736,0.254609711
3.738,0.238079995
3.74,0.216040373
3.742,0.194000751
3.744,0.171961129
3.746,0.155431412
3.748,0.13339179
3.75,0.116862074
3.752,0.100332357
3.754,0.08380264
3.756,0.078292735
3.758,0.067272924
3.76,0.061763018
3.762,0.050743207
3.764,0.045233302
3.766,0.039723396
3.768,0.028703585
3.77,0.02319368
3.772,0.017683774
3.774,0.012173869
3.776,0.001154058
3.778,-0.004355848
3.78,-0.020885564
3.782,-0.037415281
3.784,-0.059454903
3.786,-0.087004431
3.788,-0.114553958
3.79,-0.147613391
3.792,-0.18618273
3.794,-0.224752069
3.796,-0.263321407
3.798,-0.301890746
3.8,-0.334950179
3.802,-0.356989801
3.804,-0.368009612
3.806,-0.368009612
3.808,-0.351479895
3.81,-0.334950179
3.812,-0.307400651
3.814,-0.285361029
3.816,-0.263321407
3.818,-0.246791691
3.82,-0.23577188
3.822,-0.23577188
3.824,-0.23577188
3.826,-0.241281785
3.828,-0.257811502
3.83,-0.268831313
3.832,-0.274341218
3.834,-0.279851124
3.836,-0.285361029
3.838,-0.279851124
3.84,-0.268831313
3.842,-0.252301596
3.844,-0.230261974
3.846,-0.208222352
3.848,-0.18618273
3.85,-0.164143108
3.852,-0.142103486
3.854,-0.125573769
3.856,-0.109044053
3.858,-0.098024242
3.86,-0.081494525
3.862,-0.070474714
3.864,-0.059454903
3.866,-0.053944997
3.868,-0.048435092
3.87,-0.042925186
3.872,-0.037415281
3.874,-0.031905375
3.876,-0.020885564
3.878,-0.015375659
3.88,-0.004355848
3.882,0.006663963
3.884,0.017683774
3.886,0.034213491
3.888,0.050743207
3.89,0.072782829
3.892,0.094822451
3.894,0.127881885
3.896,0.160941318
3.898,0.194000751
3.9,0.232570089
3.902,0.271139428
3.904,0.309708767
3.906,0.337258294
3.908,0.364807822
3.91,0.375827633
3.912,0.381337538
3.914,0.370317727
3.916,0.353788011
3.918,0.331748389
3.92,0.304198861
3.922,0.282159239
3.924,0.265629523
3.926,0.254609711
3.928,0.249099806
3.93,0.249099806
3.932,0.260119617
3.934,0.265629523
3.936,0.282159239
3.938,0.29317905
3.94,0.298688956
3.942,0.304198861
3.944,0.29317905
3.946,0.287669145
3.948,0.265629523
3.95,0.249099806
3.952,0.221550278
3.954,0.205020562
3.956,0.177471034
3.958,0.155431412
3.96,0.138901696
3.962,0.122371979
3.964,0.105842263
3.966,0.08380264
3.968,0.078292735
3.97,0.067272924
3.972,0.056253113
3.974,0.050743207
3.976,0.039723396
3.978,0.034213491
3.98,0.028703585
3.982,0.02319368
3.984,0.012173869
3.986,0.001154058
3.988,-0.009865753
3.99,-0.020885564
3.992,-0.031905375
3.994,-0.042925186
3.996,-0.064964809
3.998,-0.087004431
4,-0.109044053
4.002,-0.142103486
4.004,-0.175162919
4.006,-0.208222352
4.008,-0.246791691
4.01,-0.285361029
4.012,-0.329440273
4.014,-0.362499706
4.016,-0.384539329
4.018,-0.390049234
4.02,-0.390049234
4.022,-0.373519517
4.024,-0.356989801
4.026,-0.323930368
4.028,-0.301890746
4.03,-0.274341218
4.032,-0.257811502
4.034,-0.246791691
4.036,-0.241281785
4.038,-0.252301596
4.04,-0.257811502
4.042,-0.268831313
4.044,-0.279851124
4.046,-0.290870935
4.048,-0.301890746
4.05,-0.301890746
4.052,-0.290870935
4.054,-0.274341218
4.056,-0.263321407
4.058,-0.241281785
4.06,-0.213732257
4.062,-0.191692635
4.064,-0.169653013
4.066,-0.142103486
4.068,-0.125573769
4.07,-0.103534147
4.072,-0.087004431
4.074,-0.07598462
4.076,-0.059454903
4.078,-0.053944997
4.08,-0.042925186
4.082,-0.037415281
4.084,-0.031905375
4.086,-0.020885564
4.088,-0.015375659
4.09,-0.004355848
4.092,0.001154058
4.094,0.006663963
4.096,0.017683774
4.098,0.02319368
4.1,0.034213491
4.102,0.056253113
4.104,0.067272924
4.106,0.089312546
4.108,0.116862074
4.11,0.144411601
4.112,0.18298094
4.114,0.221550278
4.116,0.260119617
4.118,0.298688956
4.12,0.337258294
4.122,0.370317727
4.124,0.392357349
4.126,0.408887066
4.128,0.40337716
4.13,0.392357349
4.132,0.370317727
4.134,0.337258294
4.136,0.309708767
4.138,0.276649334
4.14,0.254609711
4.142,0.2435899
4.144,0.232570089
4.146,0.238079995
4.148,0.2435899
4.15,0.249099806
4.152,0.260119617
4.154,0.271139428
4.156,0.276649334
4.158,0.276649334
4.16,0.271139428
4.162,0.260119617
4.164,0.249099806
4.166,0.232570089
4.168,0.205020562
4.17,0.188490845
4.172,0.166451223
4.174,0.138901696
4.176,0.122371979
4.178,0.105842263
4.18,0.089312546
4.182,0.078292735
4.184,0.067272924
4.186,0.056253113
4.188,0.045233302
4.19,0.034213491
4.192,0.034213491
4.194,0.02319368
4.196,0.017683774
4.198,0.012173869
4.2,0.006663963
4.202,0.001154058
4.204,-0.009865753
4.206,-0.020885564
4.208,-0.02639547
4.21,-0.037415281
4.212,-0.053944997
4.214,-0.070474714
4.216,-0.098024242
4.218,-0.120063864
4.22,-0.147613391
4.222,-0.18618273
4.224,-0.219242163
4.226,-0.252301596
4.228,-0.290870935
4.23,-0.323930368
4.232,-0.34596999
4.234,-0.368009612
4.236,-0.373519517
4.238,-0.368009612
4.24,-0.351479895
4.242,-0.329440273
4.244,-0.307400651
4.246,-0.279851124
4.248,-0.263321407
4.25,-0.246791691
4.252,-0.23577188
4.254,-0.23577188
4.256,-0.23577188
4.258,-0.246791691
4.26,-0.257811502
4.262,-0.257811502
4.264,-0.268831313
4.266,-0.274341218
4.268,-0.268831313
4.27,-0.263321407
4.272,-0.252301596
4.274,-0.23577188
4.276,-0.213732257
4.278,-0.191692635
4.28,-0.169653013
4.282,-0.147613391
4.284,-0.125573769
4.286,-0.103534147
4.288,-0.087004431
4.29,-0.07598462
4.292,-0.059454903
4.294,-0.048435092
4.296,-0.037415281
4.298,-0.031905375
4.3,-0.020885564
4.302,-0.015375659
4.304,-0.015375659
4.306,-0.004355848
4.308,0.001154058
4.31,0.006663963
4.312,0.012173869
4.314,0.02319368
4.316,0.028703585
4.318,0.039723396
4.32,0.056253113
4.322,0.067272924
4.324,0.089312546
4.326,0.105842263
4.328,0.13339179
4.33,0.160941318
4.332,0.194000751
4.334,0.221550278
4.336,0.260119617
4.338,0.29317905
4.34,0.326238483
4.342,0.3427682
4.344,0.353788011
4.346,0.353788011
4.348,0.337258294
4.35,0.309708767
4.352,0.276649334
4.354,0.238079995
4.356,0.194000751
4.358,0.160941318
4.36,0.122371979
4.362,0.094822451
4.364,0.067272924
4.366,0.045233302
4.368,0.02319368
4.37,0.012173869
4.372,0.006663963
4.374,-0.004355848
4.376,-0.009865753
4.378,-0.015375659
4.38,-0.015375659
4.382,-0.015375659
4.384,-0.015375659
4.386,-0.015375659
4.388,-0.015375659
4.39,-0.015375659
4.392,-0.009865753
4.394,-0.004355848
4.396,-0.004355848
4.398,0.001154058
4.4,0.001154058
4.402,0.017683774
4.404,0.02319368
4.406,0.039723396
4.408,0.056253113
4.41,0.067272924
4.412,0.089312546
4.414,0.111352168
4.416,0.13339179
4.418,0.160941318
4.42,0.18298094
4.422,0.210530467
4.424,0.227060184
4.426,0.249099806
4.428,0.260119617
4.43,0.265629523
4.432,0.265629523
4.434,0.260119617
4.436,0.249099806
4.438,0.232570089
4.44,0.216040373
4.442,0.194000751
4.444,0.177471034
4.446,0.155431412
4.448,0.13339179
4.45,0.122371979
4.452,0.105842263
4.454,0.089312546
4.456,0.078292735
4.458,0.072782829
4.46,0.061763018
4.462,0.050743207
4.464,0.050743207
4.466,0.039723396
4.468,0.039723396
4.47,0.028703585
4.472,0.02319368
4.474,0.017683774
4.476,0.012173869
4.478,0.006663963
4.48,0.001154058
4.482,-0.015375659
4.484,-0.02639547
4.486,-0.048435092
4.488,-0.064964809
4.49,-0.087004431
4.492,-0.120063864
4.494,-0.147613391
4.496,-0.180672824
4.498,-0.219242163
4.5,-0.257811502
4.502,-0.285361029
4.504,-0.318420462
4.506,-0.334950179
4.508,-0.34596999
4.51,-0.34596999
4.512,-0.340460084
4.514,-0.323930368
4.516,-0.301890746
4.518,-0.279851124
4.52,-0.252301596
4.522,-0.241281785
4.524,-0.224752069
4.526,-0.219242163
4.528,-0.224752069
4.53,-0.230261974
4.532,-0.23577188
4.534,-0.246791691
4.536,-0.257811502
4.538,-0.268831313
4.54,-0.274341218
4.542,-0.268831313
4.544,-0.268831313
4.546,-0.257811502
4.548,-0.241281785
4.55,-0.224752069
4.552,-0.202712446
4.554,-0.18618273
4.556,-0.164143108
4.558,-0.147613391
4.56,-0.125573769
4.562,-0.109044053
4.564,-0.098024242
4.566,-0.087004431
4.568,-0.070474714
4.57,-0.064964809
4.572,-0.059454903
4.574,-0.048435092
4.576,-0.042925186
4.578,-0.042925186
4.58,-0.031905375
4.582,-0.02639547
4.584,-0.020885564
4.586,-0.015375659
4.588,-0.009865753
4.59,0.001154058
4.592,0.012173869
4.594,0.028703585
4.596,0.039723396
4.598,0.056253113
4.6,0.08380264
4.602,0.100332357
4.604,0.13339179
4.606,0.166451223
4.608,0.194000751
4.61,0.232570089
4.612,0.271139428
4.614,0.304198861
4.616,0.331748389
4.618,0.353788011
4.62,0.359297916
4.622,0.364807822
4.624,0.359297916
4.626,0.3427682
4.628,0.320728578
4.63,0.29317905
4.632,0.276649334
4.634,0.260119617
4.636,0.2435899
4.638,0.238079995
4.64,0.238079995
4.642,0.2435899
4.644,0.249099806
4.646,0.265629523
4.648,0.276649334
4.65,0.282159239
4.652,0.287669145
4.654,0.287669145
4.656,0.282159239
4.658,0.271139428
4.66,0.254609711
4.662,0.232570089
4.664,0.216040373
4.666,0.188490845
4.668,0.177471034
4.67,0.149921507
4.672,0.138901696
4.674,0.116862074
4.676,0.100332357
4.678,0.089312546
4.68,0.078292735
4.682,0.067272924
4.684,0.056253113
4.686,0.050743207
4.688,0.045233302
4.69,0.034213491
4.692,0.028703585
4.694,0.02319368
4.696,0.017683774
4.698,0.006663963
4.7,0.001154058
4.702,-0.009865753
4.704,-0.015375659
4.706,-0.02639547
4.708,-0.042925186
4.71,-0.053944997
4.712,-0.07598462
4.714,-0.092514336
4.716,-0.120063864
4.718,-0.147613391
4.72,-0.180672824
4.722,-0.219242163
4.724,-0.252301596
4.726,-0.290870935
4.728,-0.318420462
4.73,-0.351479895
4.732,-0.368009612
4.734,-0.373519517
4.736,-0.368009612
4.738,-0.356989801
4.74,-0.334950179
4.742,-0.312910557
4.744,-0.285361029
4.746,-0.263321407
4.748,-0.246791691
4.75,-0.230261974
4.752,-0.230261974
4.754,-0.230261974
4.756,-0.23577188
4.758,-0.252301596
4.76,-0.257811502
4.762,-0.268831313
4.764,-0.279851124
4.766,-0.279851124
4.768,-0.279851124
4.77,-0.279851124
4.772,-0.263321407
4.774,-0.246791691
4.776,-0.230261974
4.778,-0.208222352
4.78,-0.18618273
4.782,-0.164143108
4.784,-0.142103486
4.786,-0.125573769
4.788,-0.109044053
4.79,-0.092514336
4.792,-0.07598462
4.794,-0.064964809
4.796,-0.053944997
4.798,-0.048435092
4.8,-0.042925186
4.802,-0.031905375
4.804,-0.02639547
4.806,-0.015375659
4.808,-0.009865753
4.81,-0.009865753
4.812,-0.004355848
4.814,0.012173869
4.816,0.017683774
4.818,0.02319368
4.82,0.034213491
4.822,0.045233302
4.824,0.056253113
4.826,0.072782829
4.828,0.094822451
4.83,0.122371979
4.832,0.149921507
4.834,0.188490845
4.836,0.221550278
4.838,0.265629523
4.84,0.298688956
4.842,0.331748389
4.844,0.364807822
4.846,0.381337538
4.848,0.397867255
4.85,0.392357349
4.852,0.375827633
4.854,0.353788011
4.856,0.326238483
4.858,0.298688956
4.86,0.271139428
4.862,0.249099806
4.864,0.238079995
4.866,0.227060184
4.868,0.227060184
4.87,0.232570089
4.872,0.232570089
4.874,0.2435899
4.876,0.254609711
4.878,0.260119617
4.88,0.265629523
4.882,0.265629523
4.884,0.260119617
4.886,0.254609711
4.888,0.238079995
4.89,0.221550278
4.892,0.199510656
4.894,0.18298094
4.896,0.160941318
4.898,0.138901696
4.9,0.122371979
4.902,0.105842263
4.904,0.089312546
4.906,0.078292735
4.908,0.067272924
4.91,0.056253113
4.912,0.050743207
4.914,0.039723396
4.916,0.034213491
4.918,0.02319368
4.92,0.02319368
4.922,0.012173869
4.924,0.006663963
4.926,0.001154058
4.928,-0.004355848
4.93,-0.009865753
4.932,-0.015375659
4.934,-0.02639547
4.936,-0.037415281
4.938,-0.048435092
4.94,-0.064964809
4.942,-0.087004431
4.944,-0.109044053
4.946,-0.131083675
4.948,-0.164143108
4.95,-0.191692635
4.952,-0.230261974
4.954,-0.257811502
4.956,-0.290870935
4.958,-0.318420462
4.96,-0.340460084
4.962,-0.351479895
4.964,-0.356989801
4.966,-0.351479895
4.968,-0.334950179
4.97,-0.318420462
4.972,-0.29638084
4.974,-0.274341218
4.976,-0.252301596
4.978,-0.241281785
4.98,-0.230261974
4.982,-0.219242163
4.984,-0.224752069
4.986,-0.224752069
4.988,-0.23577188
4.99,-0.241281785
4.992,-0.246791691
4.994,-0.257811502
4.996,-0.257811502
4.998,-0.252301596
5,-0.246791691
5.002,-0.23577188
5.004,-0.219242163
5.006,-0.202712446
5.008,-0.18618273
5.01,-0.158633202
5.012,-0.142103486
5.014,-0.125573769
5.016,-0.103534147
5.018,-0.092514336
5.02,-0.07598462
5.022,-0.059454903
5.024,-0.048435092
5.026,-0.042925186
5.028,-0.037415281
5.03,-0.02639547
5.032,-0.020885564
5.034,-0.015375659
5.036,-0.009865753
5.038,-0.004355848
5.04,0.001154058
5.042,0.006663963
5.044,0.012173869
5.046,0.02319368
5.048,0.02319368
5.05,0.039723396
5.052,0.045233302
5.054,0.061763018
5.056,0.072782829
5.058,0.094822451
5.06,0.111352168
5.062,0.13339179
5.064,0.160941318
5.066,0.188490845
5.068,0.221550278
5.07,0.254609711
5.072,0.282159239
5.074,0.309708767
5.076,0.331748389
5.078,0.337258294
5.08,0.331748389
5.082,0.320728578
5.084,0.304198861
5.086,0.276649334
5.088,0.2435899
5.09,0.205020562
5.092,0.171961129
5.094,0.13339179
5.096,0.100332357
5.098,0.072782829
5.1,0.050743207
5.102,0.039723396
5.104,0.017683774
5.106,0.012173869
5.108,-0.004355848
5.11,-0.009865753
5.112,-0.009865753
5.114,-0.015375659
5.116,-0.015375659
5.118,-0.015375659
5.12,-0.015375659
5.122,-0.009865753
5.124,-0.015375659
5.126,-0.009865753
5.128,-0.009865753
5.13,-0.004355848
5.132,-0.009865753
5.134,0.001154058
5.136,0.001154058
5.138,0.006663963
5.14,0.012173869
5.142,0.02319368
5.144,0.039723396
5.146,0.050743207
5.148,0.067272924
5.15,0.089312546
5.152,0.105842263
5.154,0.122371979
5.156,0.149921507
5.158,0.171961129
5.16,0.199510656
5.162,0.221550278
5.164,0.238079995
5.166,0.249099806
5.168,0.254609711
5.17,0.260119617
5.172,0.260119617
5.174,0.249099806
5.176,0.232570089
5.178,0.221550278
5.18,0.199510656
5.182,0.177471034
5.184,0.166451223
5.186,0.144411601
5.188,0.127881885
5.19,0.116862074
5.192,0.100332357
5.194,0.089312546
5.196,0.078292735
5.198,0.067272924
5.2,0.061763018
5.202,0.050743207
5.204,0.045233302
5.206,0.039723396
5.208,0.034213491
5.21,0.034213491
5.212,0.028703585
5.214,0.02319368
5.216,0.017683774
5.218,0.012173869
5.22,0.006663963
5.222,0.001154058
5.224,-0.015375659
5.226,-0.02639547
5.228,-0.042925186
5.23,-0.059454903
5.232,-0.07598462
5.234,-0.103534147
5.236,-0.131083675
5.238,-0.164143108
5.24,-0.197202541
5.242,-0.224752069
5.244,-0.257811502
5.246,-0.279851124
5.248,-0.307400651
5.25,-0.323930368
5.252,-0.329440273
5.254,-0.329440273
5.256,-0.323930368
5.258,-0.301890746
5.26,-0.285361029
5.262,-0.263321407
5.264,-0.246791691
5.266,-0.230261974
5.268,-0.213732257
5.27,-0.208222352
5.272,-0.208222352
5.274,-0.208222352
5.276,-0.219242163
5.278,-0.230261974
5.28,-0.23577188
5.282,-0.246791691
5.284,-0.252301596
5.286,-0.252301596
5.288,-0.252301596
5.29,-0.246791691
5.292,-0.241281785
5.294,-0.224752069
5.296,-0.213732257
5.298,-0.191692635
5.3,-0.175162919
5.302,-0.158633202
5.304,-0.142103486
5.306,-0.125573769
5.308,-0.114553958
5.31,-0.098024242
5.312,-0.087004431
5.314,-0.07598462
5.316,-0.064964809
5.318,-0.059454903
5.32,-0.048435092
5.322,-0.048435092
5.324,-0.042925186
5.326,-0.037415281
5.328,-0.031905375
5.33,-0.02639547
5.332,-0.020885564
5.334,-0.015375659
5.336,-0.009865753
5.338,0.001154058
5.34,0.006663963
5.342,0.02319368
5.344,0.034213491
5.346,0.050743207
5.348,0.067272924
5.35,0.089312546
5.352,0.105842263
5.354,0.13339179
5.356,0.160941318
5.358,0.188490845
5.36,0.221550278
5.362,0.254609711
5.364,0.287669145
5.366,0.315218672
5.368,0.337258294
5.37,0.3427682
5.372,0.348278105
5.374,0.3427682
5.376,0.326238483
5.378,0.304198861
5.38,0.287669145
5.382,0.265629523
5.384,0.249099806
5.386,0.232570089
5.388,0.227060184
5.39,0.227060184
5.392,0.227060184
5.394,0.232570089
5.396,0.238079995
5.398,0.249099806
5.4,0.260119617
5.402,0.265629523
5.404,0.276649334
5.406,0.271139428
5.408,0.271139428
5.41,0.260119617
5.412,0.249099806
5.414,0.227060184
5.416,0.216040373
5.418,0.194000751
5.42,0.177471034
5.422,0.155431412
5.424,0.138901696
5.426,0.122371979
5.428,0.111352168
5.43,0.094822451
5.432,0.08380264
5.434,0.072782829
5.436,0.061763018
5.438,0.056253113
5.44,0.045233302
5.442,0.039723396
5.444,0.039723396
5.446,0.028703585
5.448,0.02319368
5.45,0.02319368
5.452,0.012173869
5.454,0.006663963
5.456,0.001154058
5.458,-0.009865753
5.46,-0.020885564
5.462,-0.02639547
5.464,-0.037415281
5.466,-0.048435092
5.468,-0.07598462
5.47,-0.087004431
5.472,-0.114553958
5.474,-0.13659358
5.476,-0.164143108
5.478,-0.197202541
5.48,-0.224752069
5.482,-0.257811502
5.484,-0.290870935
5.486,-0.318420462
5.488,-0.334950179
5.49,-0.351479895
5.492,-0.356989801
5.494,-0.351479895
5.496,-0.334950179
5.498,-0.312910557
5.5,-0.290870935
5.502,-0.268831313
5.504,-0.252301596
5.506,-0.230261974
5.508,-0.224752069
5.51,-0.219242163
5.512,-0.219242163
5.514,-0.224752069
5.516,-0.224752069
5.518,-0.241281785
5.52,-0.252301596
5.522,-0.263321407
5.524,-0.268831313
5.526,-0.268831313
5.528,-0.263321407
5.53,-0.257811502
5.532,-0.246791691
5.534,-0.230261974
5.536,-0.213732257
5.538,-0.191692635
5.54,-0.180672824
5.542,-0.153123297
5.544,-0.13659358
5.546,-0.120063864
5.548,-0.103534147
5.55,-0.087004431
5.552,-0.07598462
5.554,-0.070474714
5.556,-0.059454903
5.558,-0.048435092
5.56,-0.042925186
5.562,-0.031905375
5.564,-0.031905375
5.566,-0.02639547
5.568,-0.015375659
5.57,-0.009865753
5.572,-0.009865753
5.574,0.001154058
5.576,0.006663963
5.578,0.006663963
5.58,0.017683774
5.582,0.028703585
5.584,0.034213491
5.586,0.045233302
5.588,0.061763018
5.59,0.08380264
5.592,0.100332357
5.594,0.122371979
5.596,0.155431412
5.598,0.177471034
5.6,0.216040373
5.602,0.249099806
5.604,0.287669145
5.606,0.315218672
5.608,0.3427682
5.61,0.364807822
5.612,0.375827633
5.614,0.375827633
5.616,0.359297916
5.618,0.348278105
5.62,0.320728578
5.622,0.29317905
5.624,0.271139428
5.626,0.249099806
5.628,0.232570089
5.63,0.221550278
5.632,0.210530467
5.634,0.216040373
5.636,0.216040373
5.638,0.227060184
5.64,0.232570089
5.642,0.2435899
5.644,0.249099806
5.646,0.254609711
5.648,0.254609711
5.65,0.249099806
5.652,0.2435899
5.654,0.232570089
5.656,0.216040373
5.658,0.205020562
5.66,0.18298094
5.662,0.171961129
5.664,0.144411601
5.666,0.13339179
5.668,0.111352168
5.67,0.100332357
5.672,0.089312546
5.674,0.078292735
5.676,0.067272924
5.678,0.056253113
5.68,0.050743207
5.682,0.045233302
5.684,0.039723396
5.686,0.028703585
5.688,0.02319368
5.69,0.017683774
5.692,0.012173869
5.694,0.006663963
5.696,0.006663963
5.698,-0.004355848
5.7,-0.004355848
5.702,-0.015375659
5.704,-0.020885564
5.706,-0.037415281
5.708,-0.042925186
5.71,-0.053944997
5.712,-0.070474714
5.714,-0.092514336
5.716,-0.114553958
5.718,-0.142103486
5.72,-0.164143108
5.722,-0.191692635
5.724,-0.224752069
5.726,-0.257811502
5.728,-0.285361029
5.73,-0.312910557
5.732,-0.329440273
5.734,-0.334950179
5.736,-0.340460084
5.738,-0.334950179
5.74,-0.323930368
5.742,-0.301890746
5.744,-0.285361029
5.746,-0.263321407
5.748,-0.246791691
5.75,-0.230261974
5.752,-0.219242163
5.754,-0.213732257
5.756,-0.208222352
5.758,-0.213732257
5.76,-0.219242163
5.762,-0.230261974
5.764,-0.230261974
5.766,-0.241281785
5.768,-0.241281785
5.77,-0.246791691
5.772,-0.241281785
5.774,-0.23577188
5.776,-0.230261974
5.778,-0.213732257
5.78,-0.197202541
5.782,-0.180672824
5.784,-0.164143108
5.786,-0.142103486
5.788,-0.125573769
5.79,-0.109044053
5.792,-0.092514336
5.794,-0.081494525
5.796,-0.064964809
5.798,-0.053944997
5.8,-0.042925186
5.802,-0.037415281
5.804,-0.031905375
5.806,-0.02639547
5.808,-0.020885564
5.81,-0.015375659
5.812,-0.009865753
5.814,-0.004355848
5.816,-0.004355848
5.818,0.001154058
5.82,0.006663963
5.822,0.012173869
5.824,0.02319368
5.826,0.028703585
5.828,0.034213491
5.83,0.045233302
5.832,0.061763018
5.834,0.067272924
5.836,0.089312546
5.838,0.105842263
5.84,0.122371979
5.842,0.149921507
5.844,0.177471034
5.846,0.199510656
5.848,0.232570089
5.85,0.260119617
5.852,0.282159239
5.854,0.298688956
5.856,0.315218672
5.858,0.320728578
5.86,0.320728578
5.862,0.304198861
5.864,0.282159239
5.866,0.260119617
5.868,0.227060184
5.87,0.194000751
5.872,0.160941318
5.874,0.127881885
5.876,0.100332357
5.878,0.078292735
5.88,0.056253113
5.882,0.045233302
5.884,0.028703585
5.886,0.012173869
5.888,0.001154058
5.89,0.001154058
5.892,-0.009865753
5.894,-0.009865753
5.896,-0.015375659
5.898,-0.015375659
5.9,-0.015375659
5.902,-0.015375659
5.904,-0.009865753
5.906,-0.009865753
5.908,-0.009865753
5.91,-0.009865753
5.912,-0.015375659
5.914,-0.004355848
5.916,-0.004355848
5.918,-0.004355848
5.92,0.006663963
5.922,0.012173869
5.924,0.017683774
5.926,0.02319368
5.928,0.039723396
5.93,0.050743207
5.932,0.067272924
5.934,0.078292735
5.936,0.100332357
5.938,0.116862074
5.94,0.138901696
5.942,0.160941318
5.944,0.177471034
5.946,0.199510656
5.948,0.210530467
5.95,0.227060184
5.952,0.238079995
5.954,0.2435899
5.956,0.2435899
5.958,0.238079995
5.96,0.227060184
5.962,0.221550278
5.964,0.205020562
5.966,0.188490845
5.968,0.171961129
5.97,0.155431412
5.972,0.138901696
5.974,0.127881885
5.976,0.111352168
5.978,0.100332357
5.98,0.089312546
5.982,0.078292735
5.984,0.072782829
5.986,0.061763018
5.988,0.056253113
5.99,0.050743207
5.992,0.045233302
5.994,0.034213491
5.996,0.034213491
5.998,0.028703585
6,0.028703585
6.002,0.02319368
6.004,0.017683774
6.006,0.012173869
6.008,0.006663963
6.01,0.001154058
6.012,-0.009865753
6.014,-0.015375659
6.016,-0.031905375
6.018,-0.048435092
6.02,-0.059454903
6.022,-0.081494525
6.024,-0.103534147
6.026,-0.131083675
6.028,-0.153123297
6.03,-0.18618273
6.032,-0.213732257
6.034,-0.241281785
6.036,-0.263321407
6.038,-0.290870935
6.04,-0.301890746
6.042,-0.307400651
6.044,-0.312910557
6.046,-0.312910557
6.048,-0.29638084
6.05,-0.279851124
6.052,-0.263321407
6.054,-0.241281785
6.056,-0.224752069
6.058,-0.213732257
6.06,-0.202712446
6.062,-0.197202541
6.064,-0.197202541
6.066,-0.202712446
6.068,-0.202712446
6.07,-0.213732257
6.072,-0.219242163
6.074,-0.224752069
6.076,-0.23577188
6.078,-0.23577188
6.08,-0.241281785
6.082,-0.23577188
6.084,-0.23577188
6.086,-0.219242163
6.088,-0.213732257
6.09,-0.197202541
6.092,-0.180672824
6.094,-0.164143108
6.096,-0.147613391
6.098,-0.131083675
6.1,-0.120063864
6.102,-0.103534147
6.104,-0.092514336
6.106,-0.081494525
6.108,-0.07598462
6.11,-0.064964809
6.112,-0.059454903
6.114,-0.053944997
6.116,-0.048435092
6.118,-0.042925186
6.12,-0.037415281
6.122,-0.031905375
6.124,-0.02639547
6.126,-0.02639547
6.128,-0.015375659
6.13,-0.015375659
6.132,-0.009865753
6.134,0.001154058
6.136,0.006663963
6.138,0.017683774
6.14,0.028703585
6.142,0.039723396
6.144,0.050743207
6.146,0.072782829
6.148,0.089312546
6.15,0.111352168
6.152,0.13339179
6.154,0.160941318
6.156,0.188490845
6.158,0.216040373
6.16,0.2435899
6.162,0.271139428
6.164,0.287669145
6.166,0.309708767
6.168,0.320728578
6.17,0.326238483
6.172,0.320728578
6.174,0.315218672
6.176,0.298688956
6.178,0.282159239
6.18,0.260119617
6.182,0.2435899
6.184,0.232570089
6.186,0.216040373
6.188,0.210530467
6.19,0.210530467
6.192,0.210530467
6.194,0.216040373
6.196,0.221550278
6.198,0.232570089
6.2,0.2435899
6.202,0.249099806
6.204,0.254609711
6.206,0.254609711
6.208,0.254609711
6.21,0.2435899
6.212,0.238079995
6.214,0.227060184
6.216,0.210530467
6.218,0.199510656
6.22,0.177471034
6.222,0.160941318
6.224,0.144411601
6.226,0.13339179
6.228,0.116862074
6.23,0.100332357
6.232,0.094822451
6.234,0.078292735
6.236,0.067272924
6.238,0.061763018
6.24,0.056253113
6.242,0.050743207
6.244,0.039723396
6.246,0.039723396
6.248,0.034213491
6.25,0.028703585
6.252,0.02319368
6.254,0.017683774
6.256,0.012173869
6.258,0.006663963
6.26,0.006663963
6.262,-0.004355848
6.264,-0.015375659
6.266,-0.020885564
6.268,-0.031905375
6.27,-0.042925186
6.272,-0.053944997
6.274,-0.070474714
6.276,-0.092514336
6.278,-0.109044053
6.28,-0.131083675
6.282,-0.153123297
6.284,-0.18618273
6.286,-0.208222352
6.288,-0.241281785
6.29,-0.274341218
6.292,-0.301890746
6.294,-0.312910557
6.296,-0.329440273
6.298,-0.329440273
6.3,-0.329440273
6.302,-0.318420462
6.304,-0.307400651
6.306,-0.285361029
6.308,-0.268831313
6.31,-0.246791691
6.312,-0.230261974
6.314,-0.219242163
6.316,-0.208222352
6.318,-0.208222352
6.32,-0.202712446
6.322,-0.208222352
6.324,-0.213732257
6.326,-0.230261974
6.328,-0.230261974
6.33,-0.241281785
6.332,-0.252301596
6.334,-0.252301596
6.336,-0.252301596
6.338,-0.246791691
6.34,-0.241281785
6.342,-0.224752069
6.344,-0.213732257
6.346,-0.197202541
6.348,-0.180672824
6.35,-0.164143108
6.352,-0.147613391
6.354,-0.131083675
6.356,-0.114553958
6.358,-0.103534147
6.36,-0.087004431
6.362,-0.07598462
6.364,-0.064964809
6.366,-0.053944997
6.368,-0.048435092
6.37,-0.042925186
6.372,-0.031905375
6.374,-0.02639547
6.376,-0.020885564
6.378,-0.020885564
6.38,-0.015375659
6.382,-0.015375659
6.384,-0.004355848
6.386,0.001154058
6.388,0.006663963
6.39,0.012173869
6.392,0.017683774
6.394,0.02319368
6.396,0.034213491
6.398,0.039723396
6.4,0.056253113
6.402,0.067272924
6.404,0.08380264
6.406,0.100332357
6.408,0.122371979
6.41,0.144411601
6.412,0.171961129
6.414,0.194000751
6.416,0.221550278
6.418,0.254609711
6.42,0.282159239
6.422,0.304198861
6.424,0.326238483
6.426,0.337258294
6.428,0.3427682
6.43,0.337258294
6.432,0.320728578
6.434,0.315218672
6.436,0.29317905
6.438,0.271139428
6.44,0.249099806
6.442,0.227060184
6.444,0.216040373
6.446,0.205020562
6.448,0.199510656
6.45,0.199510656
6.452,0.199510656
6.454,0.205020562
6.456,0.210530467
6.458,0.216040373
6.46,0.227060184
6.462,0.232570089
6.464,0.227060184
6.466,0.232570089
6.468,0.227060184
6.47,0.221550278
6.472,0.216040373
6.474,0.205020562
6.476,0.188490845
6.478,0.171961129
6.48,0.155431412
6.482,0.144411601
6.484,0.127881885
6.486,0.116862074
6.488,0.100332357
6.49,0.089312546
6.492,0.08380264
6.494,0.067272924
6.496,0.061763018
6.498,0.056253113
6.5,0.045233302
6.502,0.039723396
6.504,0.034213491
6.506,0.028703585
6.508,0.028703585
6.51,0.02319368
6.512,0.017683774
6.514,0.017683774
6.516,0.012173869
6.518,0.001154058
6.52,0.001154058
6.522,-0.009865753
6.524,-0.015375659
6.526,-0.020885564
6.528,-0.031905375
6.53,-0.037415281
6.532,-0.048435092
6.534,-0.064964809
6.536,-0.081494525
6.538,-0.092514336
6.54,-0.120063864
6.542,-0.142103486
6.544,-0.169653013
6.546,-0.191692635
6.548,-0.219242163
6.55,-0.246791691
6.552,-0.268831313
6.554,-0.290870935
6.556,-0.301890746
6.558,-0.318420462
6.56,-0.318420462
6.562,-0.312910557
6.564,-0.301890746
6.566,-0.285361029
6.568,-0.268831313
6.57,-0.252301596
6.572,-0.23577188
6.574,-0.219242163
6.576,-0.208222352
6.578,-0.197202541
6.58,-0.197202541
6.582,-0.197202541
6.584,-0.197202541
6.586,-0.202712446
6.588,-0.213732257
6.59,-0.213732257
6.592,-0.230261974
6.594,-0.224752069
6.596,-0.224752069
6.598,-0.224752069
6.6,-0.219242163
6.602,-0.213732257
6.604,-0.202712446
6.606,-0.191692635
6.608,-0.175162919
6.61,-0.164143108
6.612,-0.142103486
6.614,-0.131083675
6.616,-0.109044053
6.618,-0.098024242
6.62,-0.081494525
6.622,-0.07598462
6.624,-0.064964809
6.626,-0.053944997
6.628,-0.042925186
6.63,-0.037415281
6.632,-0.02639547
6.634,-0.02639547
6.636,-0.020885564
6.638,-0.015375659
6.64,-0.015375659
6.642,-0.009865753
6.644,-0.004355848
6.646,0.001154058
6.648,0.001154058
6.65,0.006663963
6.652,0.012173869
6.654,0.017683774
6.656,0.028703585
6.658,0.034213491
6.66,0.039723396
6.662,0.050743207
6.664,0.061763018
6.666,0.072782829
6.668,0.094822451
6.67,0.105842263
6.672,0.122371979
6.674,0.149921507
6.676,0.166451223
6.678,0.194000751
6.68,0.216040373
6.682,0.238079995
6.684,0.260119617
6.686,0.282159239
6.688,0.287669145
6.69,0.29317905
6.692,0.29317905
6.694,0.287669145
6.696,0.271139428
6.698,0.254609711
6.7,0.227060184
6.702,0.199510656
6.704,0.171961129
6.706,0.144411601
6.708,0.116862074
6.71,0.094822451
6.712,0.078292735
6.714,0.050743207
6.716,0.045233302
6.718,0.02319368
6.72,0.017683774
6.722,0.006663963
6.724,-0.004355848
6.726,-0.004355848
6.728,-0.009865753
6.73,-0.009865753
6.732,-0.009865753
6.734,-0.009865753
6.736,-0.009865753
6.738,-0.015375659
6.74,-0.009865753
6.742,-0.009865753
6.744,-0.015375659
6.746,-0.015375659
6.748,-0.009865753
6.75,-0.009865753
6.752,-0.004355848
6.754,0.001154058
6.756,0.001154058
6.758,0.006663963
6.76,0.012173869
6.762,0.017683774
6.764,0.02319368
6.766,0.034213491
6.768,0.045233302
6.77,0.056253113
6.772,0.072782829
6.774,0.089312546
6.776,0.105842263
6.778,0.116862074
6.78,0.144411601
6.782,0.160941318
6.784,0.177471034
6.786,0.188490845
6.788,0.205020562
6.79,0.221550278
6.792,0.227060184
6.794,0.227060184
6.796,0.227060184
6.798,0.221550278
6.8,0.216040373
6.802,0.210530467
6.804,0.194000751
6.806,0.188490845
6.808,0.166451223
6.81,0.149921507
6.812,0.138901696
6.814,0.127881885
6.816,0.111352168
6.818,0.100332357
6.82,0.094822451
6.822,0.078292735
6.824,0.072782829
6.826,0.067272924
6.828,0.056253113
6.83,0.050743207
6.832,0.045233302
6.834,0.039723396
6.836,0.039723396
6.838,0.034213491
6.84,0.028703585
6.842,0.02319368
6.844,0.02319368
6.846,0.017683774
6.848,0.017683774
6.85,0.006663963
6.852,0.006663963
6.854,0.001154058
6.856,-0.004355848
6.858,-0.015375659
6.86,-0.020885564
6.862,-0.037415281
6.864,-0.053944997
6.866,-0.064964809
6.868,-0.087004431
6.87,-0.109044053
6.872,-0.131083675
6.874,-0.153123297
6.876,-0.180672824
6.878,-0.202712446
6.88,-0.224752069
6.882,-0.252301596
6.884,-0.268831313
6.886,-0.285361029
6.888,-0.29638084
6.89,-0.29638084
6.892,-0.290870935
6.894,-0.279851124
6.896,-0.268831313
6.898,-0.252301596
6.9,-0.23577188
6.902,-0.219242163
6.904,-0.208222352
6.906,-0.191692635
6.908,-0.191692635
6.91,-0.180672824
6.912,-0.180672824
6.914,-0.18618273
6.916,-0.191692635
6.918,-0.197202541
6.92,-0.208222352
6.922,-0.213732257
6.924,-0.213732257
6.926,-0.224752069
6.928,-0.224752069
6.93,-0.224752069
6.932,-0.219242163
6.934,-0.213732257
6.936,-0.202712446
6.938,-0.191692635
6.94,-0.180672824
6.942,-0.169653013
6.944,-0.153123297
6.946,-0.13659358
6.948,-0.125573769
6.95,-0.114553958
6.952,-0.103534147
6.954,-0.092514336
6.956,-0.081494525
6.958,-0.070474714
6.96,-0.064964809
6.962,-0.059454903
6.964,-0.053944997
6.966,-0.048435092
6.968,-0.042925186
6.97,-0.037415281
6.972,-0.037415281
6.974,-0.031905375
6.976,-0.02639547
6.978,-0.020885564
6.98,-0.015375659
6.982,-0.015375659
6.984,-0.015375659
6.986,-0.004355848
6.988,0.001154058
6.99,0.006663963
6.992,0.017683774
6.994,0.028703585
6.996,0.039723396
6.998,0.050743207
7,0.061763018
7.002,0.078292735
7.004,0.094822451
7.006,0.116862074
7.008,0.138901696
7.01,0.160941318
7.012,0.177471034
7.014,0.205020562
7.016,0.232570089
7.018,0.254609711
7.02,0.276649334
7.022,0.29317905
7.024,0.29317905
7.026,0.298688956
7.028,0.298688956
7.03,0.298688956
7.032,0.282159239
7.034,0.271139428
7.036,0.249099806
7.038,0.238079995
7.04,0.221550278
7.042,0.210530467
7.044,0.199510656
7.046,0.199510656
7.048,0.194000751
7.05,0.199510656
7.052,0.199510656
7.054,0.210530467
7.056,0.216040373
7.058,0.221550278
7.06,0.227060184
7.062,0.238079995
7.064,0.238079995
7.066,0.2435899
7.068,0.2435899
7.07,0.232570089
7.072,0.227060184
7.074,0.210530467
7.076,0.199510656
7.078,0.18298094
7.08,0.171961129
7.082,0.155431412
7.084,0.138901696
7.086,0.127881885
7.088,0.116862074
7.09,0.100332357
7.092,0.094822451
7.094,0.08380264
7.096,0.072782829
7.098,0.061763018
7.1,0.056253113
7.102,0.056253113
7.104,0.045233302
7.106,0.039723396
7.108,0.034213491
7.11,0.034213491
7.112,0.028703585
7.114,0.02319368
7.116,0.017683774
7.118,0.012173869
7.12,0.012173869
7.122,0.001154058
7.124,0.001154058
7.126,-0.009865753
7.128,-0.009865753
7.13,-0.020885564
7.132,-0.02639547
7.134,-0.037415281
7.136,-0.048435092
7.138,-0.064964809
7.14,-0.07598462
7.142,-0.092514336
7.144,-0.114553958
7.146,-0.13659358
7.148,-0.153123297
7.15,-0.180672824
7.152,-0.213732257
7.154,-0.23577188
7.156,-0.263321407
7.158,-0.279851124
7.16,-0.301890746
7.162,-0.312910557
7.164,-0.318420462
7.166,-0.312910557
7.168,-0.307400651
7.17,-0.29638084
7.172,-0.279851124
7.174,-0.257811502
7.176,-0.241281785
7.178,-0.224752069
7.18,-0.213732257
7.182,-0.197202541
7.184,-0.191692635
7.186,-0.191692635
7.188,-0.191692635
7.19,-0.191692635
7.192,-0.197202541
7.194,-0.202712446
7.196,-0.213732257
7.198,-0.224752069
7.2,-0.230261974
7.202,-0.23577188
7.204,-0.23577188
7.206,-0.23577188
7.208,-0.230261974
7.21,-0.224752069
7.212,-0.208222352
7.214,-0.197202541
7.216,-0.180672824
7.218,-0.169653013
7.22,-0.153123297
7.222,-0.13659358
7.224,-0.125573769
7.226,-0.114553958
7.228,-0.098024242
7.23,-0.092514336
7.232,-0.07598462
7.234,-0.064964809
7.236,-0.059454903
7.238,-0.048435092
7.24,-0.042925186
7.242,-0.037415281
7.244,-0.031905375
7.246,-0.031905375
7.248,-0.02639547
7.25,-0.020885564
7.252,-0.015375659
7.254,-0.009865753
7.256,-0.004355848
7.258,0.001154058
7.26,0.001154058
7.262,0.006663963
7.264,0.012173869
7.266,0.017683774
7.268,0.02319368
7.27,0.028703585
7.272,0.034213491
7.274,0.045233302
7.276,0.056253113
7.278,0.067272924
7.28,0.078292735
7.282,0.100332357
7.284,0.116862074
7.286,0.138901696
7.288,0.166451223
7.29,0.188490845
7.292,0.221550278
7.294,0.2435899
7.296,0.265629523
7.298,0.282159239
7.3,0.304198861
7.302,0.320728578
7.304,0.326238483
7.306,0.320728578
7.308,0.315218672
7.31,0.304198861
7.312,0.287669145
7.314,0.265629523
7.316,0.249099806
7.318,0.232570089
7.32,0.210530467
7.322,0.199510656
7.324,0.194000751
7.326,0.188490845
7.328,0.18298094
7.33,0.18298094
7.332,0.188490845
7.334,0.188490845
7.336,0.199510656
7.338,0.210530467
7.34,0.216040373
7.342,0.221550278
7.344,0.216040373
7.346,0.221550278
7.348,0.216040373
7.35,0.210530467
7.352,0.199510656
7.354,0.194000751
7.356,0.18298094
7.358,0.171961129
7.36,0.155431412
7.362,0.138901696
7.364,0.127881885
7.366,0.116862074
7.368,0.105842263
7.37,0.094822451
7.372,0.08380264
7.374,0.072782829
7.376,0.067272924
7.378,0.061763018
7.38,0.050743207
7.382,0.045233302
7.384,0.034213491
7.386,0.034213491
7.388,0.028703585
7.39,0.028703585
7.392,0.02319368
7.394,0.017683774
7.396,0.017683774
7.398,0.012173869
7.4,0.006663963
7.402,0.001154058
7.404,0.001154058
7.406,-0.004355848
7.408,-0.009865753
7.41,-0.015375659
7.412,-0.020885564
7.414,-0.031905375
7.416,-0.042925186
7.418,-0.053944997
7.42,-0.064964809
7.422,-0.081494525
7.424,-0.087004431
7.426,-0.109044053
7.428,-0.131083675
7.43,-0.153123297
7.432,-0.169653013
7.434,-0.197202541
7.436,-0.219242163
7.438,-0.246791691
7.44,-0.263321407
7.442,-0.279851124
7.444,-0.290870935
7.446,-0.29638084
7.448,-0.290870935
7.45,-0.290870935
7.452,-0.285361029
7.454,-0.268831313
7.456,-0.257811502
7.458,-0.23577188
7.46,-0.219242163
7.462,-0.208222352
7.464,-0.197202541
7.466,-0.18618273
7.468,-0.18618273
7.47,-0.180672824
7.472,-0.180672824
7.474,-0.18618273
7.476,-0.18618273
7.478,-0.197202541
7.48,-0.197202541
7.482,-0.208222352
7.484,-0.213732257
7.486,-0.213732257
7.488,-0.213732257
7.49,-0.208222352
7.492,-0.202712446
7.494,-0.197202541
7.496,-0.191692635
7.498,-0.175162919
7.5,-0.164143108
7.502,-0.147613391
7.504,-0.13659358
7.506,-0.120063864
7.508,-0.109044053
7.51,-0.092514336
7.512,-0.087004431
7.514,-0.070474714
7.516,-0.064964809
7.518,-0.053944997
7.52,-0.042925186
7.522,-0.042925186
7.524,-0.031905375
7.526,-0.02639547
7.528,-0.02639547
7.53,-0.020885564
7.532,-0.020885564
7.534,-0.015375659
7.536,-0.009865753
7.538,-0.004355848
7.54,0.001154058
7.542,0.001154058
7.544,0.001154058
7.546,0.012173869
7.548,0.017683774
7.55,0.017683774
7.552,0.02319368
7.554,0.028703585
7.556,0.039723396
7.558,0.045233302
7.56,0.056253113
7.562,0.061763018
7.564,0.072782829
7.566,0.089312546
7.568,0.100332357
7.57,0.122371979
7.572,0.138901696
7.574,0.155431412
7.576,0.177471034
7.578,0.199510656
7.58,0.221550278
7.582,0.2435899
7.584,0.254609711
7.586,0.271139428
7.588,0.282159239
7.59,0.282159239
7.592,0.276649334
7.594,0.265629523
7.596,0.254609711
7.598,0.238079995
7.6,0.210530467
7.602,0.188490845
7.604,0.160941318
7.606,0.138901696
7.608,0.116862074
7.61,0.094822451
7.612,0.072782829
7.614,0.056253113
7.616,0.045233302
7.618,0.028703585
7.62,0.017683774
7.622,0.012173869
7.624,0.006663963
7.626,-0.004355848
7.628,-0.004355848
7.63,-0.004355848
7.632,-0.009865753
7.634,-0.009865753
7.636,-0.015375659
7.638,-0.015375659
7.64,-0.009865753
7.642,-0.009865753
7.644,-0.015375659
7.646,-0.009865753
7.648,-0.015375659
7.65,-0.009865753
7.652,-0.009865753
7.654,-0.009865753
7.656,-0.004355848
7.658,-0.004355848
7.66,0.001154058
7.662,0.001154058
7.664,0.006663963
7.666,0.012173869
7.668,0.017683774
7.67,0.028703585
7.672,0.039723396
7.674,0.045233302
7.676,0.056253113
7.678,0.072782829
7.68,0.078292735
7.682,0.094822451
7.684,0.111352168
7.686,0.13339179
7.688,0.144411601
7.69,0.160941318
7.692,0.171961129
7.694,0.188490845
7.696,0.194000751
7.698,0.205020562
7.7,0.210530467
7.702,0.210530467
7.704,0.210530467
7.706,0.210530467
7.708,0.205020562
7.71,0.194000751
7.712,0.188490845
7.714,0.171961129
7.716,0.160941318
7.718,0.149921507
7.72,0.13339179
7.722,0.127881885
7.724,0.116862074
7.726,0.100332357
7.728,0.094822451
7.73,0.08380264
7.732,0.072782829
7.734,0.067272924
7.736,0.061763018
7.738,0.056253113
7.74,0.050743207
7.742,0.045233302
7.744,0.039723396
7.746,0.039723396
7.748,0.034213491
7.75,0.028703585
7.752,0.028703585
7.754,0.02319368
7.756,0.02319368
7.758,0.017683774
7.76,0.012173869
7.762,0.012173869
7.764,0.006663963
7.766,0.001154058
7.768,-0.004355848
7.77,-0.004355848
7.772,-0.015375659
7.774,-0.020885564
7.776,-0.031905375
7.778,-0.042925186
7.78,-0.064964809
7.782,-0.07598462
7.784,-0.092514336
7.786,-0.114553958
7.788,-0.13659358
7.79,-0.158633202
7.792,-0.180672824
7.794,-0.197202541
7.796,-0.219242163
7.798,-0.241281785
7.8,-0.252301596
7.802,-0.263321407
7.804,-0.279851124
7.806,-0.274341218
7.808,-0.268831313
7.81,-0.263321407
7.812,-0.252301596
7.814,-0.241281785
7.816,-0.230261974
7.818,-0.213732257
7.82,-0.197202541
7.822,-0.18618273
7.824,-0.175162919
7.826,-0.169653013
7.828,-0.169653013
7.83,-0.169653013
7.832,-0.175162919
7.834,-0.175162919
7.836,-0.180672824
7.838,-0.18618273
7.84,-0.197202541
7.842,-0.202712446
7.844,-0.208222352
7.846,-0.208222352
7.848,-0.208222352
7.85,-0.202712446
7.852,-0.202712446
7.854,-0.202712446
7.856,-0.191692635
7.858,-0.180672824
7.86,-0.169653013
7.862,-0.158633202
7.864,-0.147613391
7.866,-0.131083675
7.868,-0.125573769
7.87,-0.109044053
7.872,-0.103534147
7.874,-0.092514336
7.876,-0.081494525
7.878,-0.07598462
7.88,-0.064964809
7.882,-0.059454903
7.884,-0.053944997
7.886,-0.053944997
7.888,-0.048435092
7.89,-0.031905375
7.892,-0.031905375
7.894,-0.031905375
7.896,-0.031905375
7.898,-0.02639547
7.9,-0.02639547
7.902,-0.020885564
7.904,-0.015375659
7.906,-0.015375659
7.908,-0.009865753
7.91,-0.009865753
7.912,0.001154058
7.914,0.006663963
7.916,0.012173869
7.918,0.017683774
7.92,0.028703585
7.922,0.039723396
7.924,0.050743207
7.926,0.061763018
7.928,0.072782829
7.93,0.089312546
7.932,0.105842263
7.934,0.122371979
7.936,0.144411601
7.938,0.166451223
7.94,0.188490845
7.942,0.210530467
7.944,0.227060184
7.946,0.2435899
7.948,0.265629523
7.95,0.271139428
7.952,0.276649334
7.954,0.282159239
7.956,0.282159239
7.958,0.276649334
7.96,0.265629523
7.962,0.254609711
7.964,0.238079995
7.966,0.221550278
7.968,0.210530467
7.97,0.199510656
7.972,0.188490845
7.974,0.18298094
7.976,0.18298094
7.978,0.18298094
7.98,0.18298094
7.982,0.18298094
7.984,0.188490845
7.986,0.199510656
7.988,0.205020562
7.99,0.205020562
7.992,0.216040373
7.994,0.221550278
7.996,0.221550278
7.998,0.216040373
